DAY,VOLUME_USD
2021-11-11 00:00:00.000,"null"
2021-11-12 00:00:00.000,3750395.74
2021-11-13 00:00:00.000,2854720.93
2021-11-14 00:00:00.000,4147862.85
2021-11-15 00:00:00.000,4079434.15
2021-11-16 00:00:00.000,7097624.34
2021-11-17 00:00:00.000,8102244.24
2021-11-18 00:00:00.000,8232780.94
2021-11-19 00:00:00.000,7252661.96
2021-11-20 00:00:00.000,4157898.17
2021-11-21 00:00:00.000,4480319.69
2021-11-22 00:00:00.000,6563035.66
2021-11-23 00:00:00.000,5685678.88
2021-11-24 00:00:00.000,5934234.87
2021-11-25 00:00:00.000,4859836.77
2021-11-26 00:00:00.000,8933362.79
2021-11-27 00:00:00.000,3134526.43
2021-11-28 00:00:00.000,6368665.83
2021-11-29 00:00:00.000,4596497.59
2021-11-30 00:00:00.000,7345488
2021-12-01 00:00:00.000,5650168.57
2021-12-02 00:00:00.000,6462095.8
2021-12-03 00:00:00.000,5461091.75
2021-12-04 00:00:00.000,8436256.17
2021-12-05 00:00:00.000,4620417.01
2021-12-06 00:00:00.000,6188239.53
2021-12-07 00:00:00.000,4437976.4
2021-12-08 00:00:00.000,5467991.87
2021-12-09 00:00:00.000,6035234.06
2021-12-10 00:00:00.000,8090936.41
2021-12-11 00:00:00.000,4344219.74
2021-12-12 00:00:00.000,2730475.96
2021-12-13 00:00:00.000,5694923.7
2021-12-14 00:00:00.000,8391149.96
2021-12-15 00:00:00.000,6797144.95
2021-12-16 00:00:00.000,6348497.24
2021-12-17 00:00:00.000,5744007.36
2021-12-18 00:00:00.000,4915223.45
2021-12-19 00:00:00.000,5279960.95
2021-12-20 00:00:00.000,4899221.83
2021-12-21 00:00:00.000,2957922.76
2021-12-22 00:00:00.000,3142206.41
2021-12-23 00:00:00.000,4009126.34
2021-12-24 00:00:00.000,4082731.61
2021-12-25 00:00:00.000,4197476.85
2021-12-26 00:00:00.000,7799936.83
2021-12-27 00:00:00.000,3542610.56
2021-12-28 00:00:00.000,4537110.77
2021-12-29 00:00:00.000,2946301.65
2021-12-30 00:00:00.000,2712817.13
2021-12-31 00:00:00.000,3953507.37
2022-01-01 00:00:00.000,1832597.35
2022-01-02 00:00:00.000,2355289.85
2022-01-03 00:00:00.000,2782585.14
2022-01-04 00:00:00.000,3352481.29
2022-01-05 00:00:00.000,6284839.89
2022-01-06 00:00:00.000,6097460.61
2022-01-07 00:00:00.000,9798091.86
2022-01-08 00:00:00.000,4360742.11
2022-01-09 00:00:00.000,2682642.96
2022-01-10 00:00:00.000,5222371.96
2022-01-11 00:00:00.000,2407570.98
2022-01-12 00:00:00.000,3124658.35
2022-01-13 00:00:00.000,3183376.44
2022-01-14 00:00:00.000,3494335.53
2022-01-15 00:00:00.000,2669260.23
2022-01-16 00:00:00.000,3430632.27
2022-01-17 00:00:00.000,3095357.03
2022-01-18 00:00:00.000,6185764.18
2022-01-19 00:00:00.000,6309854.82
2022-01-20 00:00:00.000,5608587.06
2022-01-21 00:00:00.000,12044025.38
2022-01-22 00:00:00.000,7016465.09
2022-01-23 00:00:00.000,4086823.66
2022-01-24 00:00:00.000,8452507.72
2022-01-25 00:00:00.000,5493663.97
2022-01-26 00:00:00.000,6885537.47
2022-01-27 00:00:00.000,4412537.99
2022-01-28 00:00:00.000,3693021.14
2022-01-29 00:00:00.000,1820066.24
2022-01-30 00:00:00.000,1935959.57
2022-01-31 00:00:00.000,3437055.2
2022-02-01 00:00:00.000,2871231.2
2022-02-02 00:00:00.000,5049740.45
2022-02-03 00:00:00.000,2889110.42
2022-02-04 00:00:00.000,4801617.94
2022-02-05 00:00:00.000,2686886.85
2022-02-06 00:00:00.000,1935291.1
2022-02-07 00:00:00.000,5686290.42
2022-02-08 00:00:00.000,3848452.72
2022-02-09 00:00:00.000,3589419.3
2022-02-10 00:00:00.000,5270781.95
2022-02-11 00:00:00.000,6489877.41
2022-02-12 00:00:00.000,2805431.2
2022-02-13 00:00:00.000,2513905.02
2022-02-14 00:00:00.000,3250672.61
2022-02-15 00:00:00.000,4228662.96
2022-02-16 00:00:00.000,3289011.73
2022-02-17 00:00:00.000,3792985.87
2022-02-18 00:00:00.000,2496308.82
2022-02-19 00:00:00.000,2012823.37
2022-02-20 00:00:00.000,3306355.43
2022-02-21 00:00:00.000,5196560.54
2022-02-22 00:00:00.000,3264746.32
2022-02-23 00:00:00.000,3039300.1
2022-02-24 00:00:00.000,9678598.62
2022-02-25 00:00:00.000,4003468.42
2022-02-26 00:00:00.000,2918175.86
2022-02-27 00:00:00.000,5922847.71
2022-02-28 00:00:00.000,5875130.09
2022-03-01 00:00:00.000,4712395.04
2022-03-02 00:00:00.000,4805421.14
2022-03-03 00:00:00.000,2990318.14
2022-03-04 00:00:00.000,4090131.07
2022-03-05 00:00:00.000,1877526.24
2022-03-06 00:00:00.000,2234790.04
2022-03-07 00:00:00.000,3938097.55
2022-03-08 00:00:00.000,3360396.16
2022-03-09 00:00:00.000,4360096.52
2022-03-10 00:00:00.000,2567629.05
2022-03-11 00:00:00.000,3180370.42
2022-03-12 00:00:00.000,1480106.51
2022-03-13 00:00:00.000,2196827.92
2022-03-14 00:00:00.000,2653654.15
2022-03-15 00:00:00.000,2609495.41
2022-03-16 00:00:00.000,4171572.9
2022-03-17 00:00:00.000,2420029.53
2022-03-18 00:00:00.000,2956419.48
2022-03-19 00:00:00.000,3129923.6
2022-03-20 00:00:00.000,2499915.64
2022-03-21 00:00:00.000,2819245.86
2022-03-22 00:00:00.000,2994936.09
2022-03-23 00:00:00.000,4025490.04
2022-03-24 00:00:00.000,4188167.76
2022-03-25 00:00:00.000,3018692.48
2022-03-26 00:00:00.000,1679476.35
2022-03-27 00:00:00.000,1744846.15
2022-03-28 00:00:00.000,3671983.05
2022-03-29 00:00:00.000,4777392.03
2022-03-30 00:00:00.000,3952837.39
2022-03-31 00:00:00.000,5046198.53
2022-04-01 00:00:00.000,6291310.19
2022-04-02 00:00:00.000,2785112.54
2022-04-03 00:00:00.000,2932890.02
2022-04-04 00:00:00.000,3327541.28
2022-04-05 00:00:00.000,3525404.82
2022-04-06 00:00:00.000,6946753.91
2022-04-07 00:00:00.000,3543508.9
2022-04-08 00:00:00.000,3053227.06
2022-04-09 00:00:00.000,1446843.04
2022-04-10 00:00:00.000,1800821.91
2022-04-11 00:00:00.000,6709551.43
2022-04-12 00:00:00.000,4423302.70999999
2022-04-13 00:00:00.000,3178234.2
2022-04-14 00:00:00.000,3542993.51
2022-04-15 00:00:00.000,1955243.44
2022-04-16 00:00:00.000,1584394.52
2022-04-17 00:00:00.000,2364481.08
2022-04-18 00:00:00.000,3281215.89
2022-04-19 00:00:00.000,6134337.59
2022-04-20 00:00:00.000,12214663.11
2022-04-21 00:00:00.000,9734315.33
2022-04-22 00:00:00.000,5001194.34
2022-04-23 00:00:00.000,3307407.56
2022-04-24 00:00:00.000,4261083.88
2022-04-25 00:00:00.000,5825583.58
2022-04-26 00:00:00.000,10405905.62
2022-04-27 00:00:00.000,5621293.87
2022-04-28 00:00:00.000,5300533.34
2022-04-29 00:00:00.000,5129610.72
2022-04-30 00:00:00.000,3664053.16
2022-05-01 00:00:00.000,3277970.05
2022-05-02 00:00:00.000,4425083.97
2022-05-03 00:00:00.000,4485523.56
2022-05-04 00:00:00.000,6397868.86
2022-05-05 00:00:00.000,6177922.99
2022-05-06 00:00:00.000,4935930.15
2022-05-07 00:00:00.000,3463376.5
2022-05-08 00:00:00.000,3335558.51
2022-05-09 00:00:00.000,8425400.87
2022-05-10 00:00:00.000,9955109.74
2022-05-11 00:00:00.000,16243525.81
2022-05-12 00:00:00.000,13529898.76
2022-05-13 00:00:00.000,6034104.02
2022-05-14 00:00:00.000,2973878.75
2022-05-15 00:00:00.000,2985505.93
2022-05-16 00:00:00.000,3360476.63
2022-05-17 00:00:00.000,4173970.66
2022-05-18 00:00:00.000,3685993.86
2022-05-19 00:00:00.000,4070997.62
2022-05-20 00:00:00.000,3070124.91
2022-05-21 00:00:00.000,1972144.72
2022-05-22 00:00:00.000,1930413.35
2022-05-23 00:00:00.000,3655957.09
2022-05-24 00:00:00.000,4097345.82
2022-05-25 00:00:00.000,3814699.82
2022-05-26 00:00:00.000,5262709.2
2022-05-27 00:00:00.000,5187465.41
2022-05-28 00:00:00.000,2444980.74
2022-05-29 00:00:00.000,1592596.35
2022-05-30 00:00:00.000,4481283.14
2022-05-31 00:00:00.000,61110357.15
2022-06-01 00:00:00.000,179667140.81
2022-06-02 00:00:00.000,76916085.48
2022-06-03 00:00:00.000,49075621.4
2022-06-04 00:00:00.000,25656943.21
2022-06-05 00:00:00.000,28590017.29
2022-06-06 00:00:00.000,27751758.3
2022-06-07 00:00:00.000,36141796.16
2022-06-08 00:00:00.000,37730553.21
2022-06-09 00:00:00.000,29632858.46
2022-06-10 00:00:00.000,33619704.56
2022-06-11 00:00:00.000,29130947.06
2022-06-12 00:00:00.000,32864639.92
2022-06-13 00:00:00.000,42085985.52
2022-06-14 00:00:00.000,24757508.15
2022-06-15 00:00:00.000,33818219.87
2022-06-16 00:00:00.000,16800085.78
2022-06-17 00:00:00.000,9480513.76
2022-06-18 00:00:00.000,15230074.16
2022-06-19 00:00:00.000,12474616.33
2022-06-20 00:00:00.000,14325217.78
2022-06-21 00:00:00.000,10133574.26
2022-06-22 00:00:00.000,9532633.29
2022-06-23 00:00:00.000,7715124.72
2022-06-24 00:00:00.000,12681509.55
2022-06-25 00:00:00.000,11371634.79
2022-06-26 00:00:00.000,9308529.56
2022-06-27 00:00:00.000,7809498.09
2022-06-28 00:00:00.000,9003232.54
2022-06-29 00:00:00.000,11824423
2022-06-30 00:00:00.000,11645797.8
2022-07-01 00:00:00.000,9384196.34
2022-07-02 00:00:00.000,4830595.43
2022-07-03 00:00:00.000,4676613.4
2022-07-04 00:00:00.000,7133825.37
2022-07-05 00:00:00.000,7208458.93
2022-07-06 00:00:00.000,10264946.85
2022-07-07 00:00:00.000,7374008.17
2022-07-08 00:00:00.000,9373186.2
2022-07-09 00:00:00.000,5042230.09
2022-07-10 00:00:00.000,5298535.28
2022-07-11 00:00:00.000,4914464.47
2022-07-12 00:00:00.000,5497401.02
2022-07-13 00:00:00.000,8857079.76
2022-07-14 00:00:00.000,7566536.85
2022-07-15 00:00:00.000,9931355.1
2022-07-16 00:00:00.000,11586744.26
2022-07-17 00:00:00.000,14183886.33
2022-07-18 00:00:00.000,30587332.98
2022-07-19 00:00:00.000,25134593.14
2022-07-20 00:00:00.000,23506664.25
2022-07-21 00:00:00.000,18768549.43
2022-07-22 00:00:00.000,23501002.76
2022-07-23 00:00:00.000,20694736.93
2022-07-24 00:00:00.000,24211210.85
2022-07-25 00:00:00.000,22942501.13
2022-07-26 00:00:00.000,18019604.48
2022-07-27 00:00:00.000,31775594.44
2022-07-28 00:00:00.000,65541971.38
2022-07-29 00:00:00.000,76598173.42
2022-07-30 00:00:00.000,43242379.91
2022-07-31 00:00:00.000,31766008.56
2022-08-01 00:00:00.000,31129198.19
2022-08-02 00:00:00.000,40443497.37
2022-08-03 00:00:00.000,42482438.45
2022-08-04 00:00:00.000,44969889.74
2022-08-05 00:00:00.000,45591904.49
2022-08-06 00:00:00.000,26071138.32
2022-08-07 00:00:00.000,18724951.19
2022-08-08 00:00:00.000,36099759.03
2022-08-09 00:00:00.000,35880522.81
2022-08-10 00:00:00.000,44771613.65
2022-08-11 00:00:00.000,41101126.33
2022-08-12 00:00:00.000,27350059.94
2022-08-13 00:00:00.000,22536998.93
2022-08-14 00:00:00.000,24122044.43
2022-08-15 00:00:00.000,35299296.65
2022-08-16 00:00:00.000,29924797.68
2022-08-17 00:00:00.000,35800690.23
2022-08-18 00:00:00.000,26057793.34
2022-08-19 00:00:00.000,58770751.51
2022-08-20 00:00:00.000,35009063.39
2022-08-21 00:00:00.000,22293049.86
2022-08-22 00:00:00.000,34459104.22
2022-08-23 00:00:00.000,37030870.18
2022-08-24 00:00:00.000,29267846.67
2022-08-25 00:00:00.000,23966041.22
2022-08-26 00:00:00.000,49802220.9
2022-08-27 00:00:00.000,31525116.25
2022-08-28 00:00:00.000,27532279.07
2022-08-29 00:00:00.000,34883353.37
2022-08-30 00:00:00.000,45305433.26
2022-08-31 00:00:00.000,51283384.04
2022-09-01 00:00:00.000,42488536.54
2022-09-02 00:00:00.000,39689914.21
2022-09-03 00:00:00.000,17595775.9
2022-09-04 00:00:00.000,14763043.21
2022-09-05 00:00:00.000,19885247.33
2022-09-06 00:00:00.000,43665372.62
2022-09-07 00:00:00.000,33218786.5
2022-09-08 00:00:00.000,27499129.34
2022-09-09 00:00:00.000,32200492.31
2022-09-10 00:00:00.000,18955575.47
2022-09-11 00:00:00.000,18891010.94
2022-09-12 00:00:00.000,26012325.89
2022-09-13 00:00:00.000,39398740.35
2022-09-14 00:00:00.000,27515913.4
2022-09-15 00:00:00.000,53357195.41
2022-09-16 00:00:00.000,22850868.78
2022-09-17 00:00:00.000,13699760.75
2022-09-18 00:00:00.000,22477733.61
2022-09-19 00:00:00.000,31719228.52
2022-09-20 00:00:00.000,30642858.76
2022-09-21 00:00:00.000,43294800.23
2022-09-22 00:00:00.000,27159870.24
2022-09-23 00:00:00.000,32649808.6
2022-09-24 00:00:00.000,16026282.59
2022-09-25 00:00:00.000,16064184.96
2022-09-26 00:00:00.000,24366370.38
2022-09-27 00:00:00.000,31304031.41
2022-09-28 00:00:00.000,34695015.71
2022-09-29 00:00:00.000,30467967.78
2022-09-30 00:00:00.000,32463402.62
2022-10-01 00:00:00.000,12061271.22
2022-10-02 00:00:00.000,13230239.27
2022-10-03 00:00:00.000,15019714.24
2022-10-04 00:00:00.000,13253111.25
2022-10-05 00:00:00.000,17007853.63
2022-10-06 00:00:00.000,17069835.95
2022-10-07 00:00:00.000,12271778.9
2022-10-08 00:00:00.000,7022833.09
2022-10-09 00:00:00.000,8616091.11
2022-10-10 00:00:00.000,12019673.94
2022-10-11 00:00:00.000,12729496.81
2022-10-12 00:00:00.000,10324814.4
2022-10-13 00:00:00.000,27009823.96
2022-10-14 00:00:00.000,17301702.39
2022-10-15 00:00:00.000,7257745.24
2022-10-16 00:00:00.000,8439589.15
2022-10-17 00:00:00.000,12290633.78
2022-10-18 00:00:00.000,17069775.91
2022-10-19 00:00:00.000,10062570.93
2022-10-20 00:00:00.000,10011755.18
2022-10-21 00:00:00.000,19174178.3
2022-10-22 00:00:00.000,9396366.16
2022-10-23 00:00:00.000,13044473.44
2022-10-24 00:00:00.000,16460931.63
2022-10-25 00:00:00.000,32824255.9
2022-10-26 00:00:00.000,36162558.53
2022-10-27 00:00:00.000,34354232.77
2022-10-28 00:00:00.000,27517228.58
2022-10-29 00:00:00.000,31075452.87
2022-10-30 00:00:00.000,22593080.95
2022-10-31 00:00:00.000,26162507.73
2022-11-01 00:00:00.000,15076067.91
2022-11-02 00:00:00.000,28972192.4
2022-11-03 00:00:00.000,18665357.34
2022-11-04 00:00:00.000,30581994.27
2022-11-05 00:00:00.000,17729455.65
2022-11-06 00:00:00.000,20559986.07
2022-11-07 00:00:00.000,29579897.65
2022-11-08 00:00:00.000,96541308.3
2022-11-09 00:00:00.000,89699109.59
2022-11-10 00:00:00.000,55451001.98
2022-11-11 00:00:00.000,42815242.05
2022-11-12 00:00:00.000,20376927.38
2022-11-13 00:00:00.000,17733218.09
2022-11-14 00:00:00.000,26862164
2022-11-15 00:00:00.000,17913812.06
2022-11-16 00:00:00.000,17016743.41
2022-11-17 00:00:00.000,16075630.67
2022-11-18 00:00:00.000,13634803.17
2022-11-19 00:00:00.000,9210184.4
2022-11-20 00:00:00.000,14322032.08
2022-11-21 00:00:00.000,22101033.25
2022-11-22 00:00:00.000,16346735.25
2022-11-23 00:00:00.000,17247226.07
2022-11-24 00:00:00.000,18460074.32
2022-11-25 00:00:00.000,11766324.4
2022-11-26 00:00:00.000,10712434.92
2022-11-27 00:00:00.000,6664883.83
2022-11-28 00:00:00.000,10952499.43
2022-11-29 00:00:00.000,8914515.58
2022-11-30 00:00:00.000,18862091.42
2022-12-01 00:00:00.000,18488220.04
2022-12-02 00:00:00.000,16970573.39
2022-12-03 00:00:00.000,10436289.32
2022-12-04 00:00:00.000,8688732.3
2022-12-05 00:00:00.000,12506205.15
2022-12-06 00:00:00.000,13062418.29
2022-12-07 00:00:00.000,12139029.28
2022-12-08 00:00:00.000,11928691.97
2022-12-09 00:00:00.000,12393066.42
2022-12-10 00:00:00.000,6774059.42
2022-12-11 00:00:00.000,6884154.08
2022-12-12 00:00:00.000,10911884.48
2022-12-13 00:00:00.000,19895376.93
2022-12-14 00:00:00.000,15735711.35
2022-12-15 00:00:00.000,12239448.66
2022-12-16 00:00:00.000,21721019.51
2022-12-17 00:00:00.000,11348808.84
2022-12-18 00:00:00.000,9144118.55
2022-12-19 00:00:00.000,10484095.45
2022-12-20 00:00:00.000,13941641.06
2022-12-21 00:00:00.000,9057880.77
2022-12-22 00:00:00.000,9792567.88
2022-12-23 00:00:00.000,6463517.32
2022-12-24 00:00:00.000,3582911.66
2022-12-25 00:00:00.000,6101085.36
2022-12-26 00:00:00.000,5219885.02
2022-12-27 00:00:00.000,7150656.41
2022-12-28 00:00:00.000,9813168.52
2022-12-29 00:00:00.000,8805096.62
2022-12-30 00:00:00.000,5976345.64
2022-12-31 00:00:00.000,5242898.25
2023-01-01 00:00:00.000,2825933.77
2023-01-02 00:00:00.000,8863205.9
2023-01-03 00:00:00.000,7736993.68
2023-01-04 00:00:00.000,18814244.59
2023-01-05 00:00:00.000,10026281.51
2023-01-06 00:00:00.000,13936437.83
2023-01-07 00:00:00.000,11358902.8
2023-01-08 00:00:00.000,18552987.62
2023-01-09 00:00:00.000,27504676.29
2023-01-10 00:00:00.000,16021677.34
2023-01-11 00:00:00.000,21433213.58
2023-01-12 00:00:00.000,38969329.78
2023-01-13 00:00:00.000,38488305.09
2023-01-14 00:00:00.000,51361107.62
2023-01-15 00:00:00.000,27509249.59
2023-01-16 00:00:00.000,32316254.55
2023-01-17 00:00:00.000,31212294.51
2023-01-18 00:00:00.000,40363701.98
2023-01-19 00:00:00.000,18818173.76
2023-01-20 00:00:00.000,33677097.11
2023-01-21 00:00:00.000,47198244.28
2023-01-22 00:00:00.000,31327874.85
2023-01-23 00:00:00.000,24994364.42
2023-01-24 00:00:00.000,35919211.51
2023-01-25 00:00:00.000,52176478.61
2023-01-26 00:00:00.000,35085029.02
2023-01-27 00:00:00.000,33550581.12
2023-01-28 00:00:00.000,21193773.59
2023-01-29 00:00:00.000,28817312.66
2023-01-30 00:00:00.000,32220552.88
2023-01-31 00:00:00.000,25072172.96
2023-02-01 00:00:00.000,55011354.38
2023-02-02 00:00:00.000,62406447.67
2023-02-03 00:00:00.000,49815924.14
2023-02-04 00:00:00.000,34272220.81
2023-02-05 00:00:00.000,33341830.38
2023-02-06 00:00:00.000,37360823.09
2023-02-07 00:00:00.000,44416767.72
2023-02-08 00:00:00.000,40343758.43
2023-02-09 00:00:00.000,65715935.12
2023-02-10 00:00:00.000,38939426.24
2023-02-11 00:00:00.000,20406911.18
2023-02-12 00:00:00.000,22154762.3
2023-02-13 00:00:00.000,27775545.09
2023-02-14 00:00:00.000,33599728.35
2023-02-15 00:00:00.000,34727715.92
2023-02-16 00:00:00.000,61393690.29
2023-02-17 00:00:00.000,42777086.66
2023-02-18 00:00:00.000,18734964.41
2023-02-19 00:00:00.000,29749488.01
2023-02-20 00:00:00.000,27912098.54
2023-02-21 00:00:00.000,36081086.91
2023-02-22 00:00:00.000,48395250.46
2023-02-23 00:00:00.000,69622489.37
2023-02-24 00:00:00.000,102431412.89
2023-02-25 00:00:00.000,51988174.03
2023-02-26 00:00:00.000,38378564.41
2023-02-27 00:00:00.000,42585831.83
2023-02-28 00:00:00.000,34656334.46
2023-03-01 00:00:00.000,31938070.89
2023-03-02 00:00:00.000,39511447.73
2023-03-03 00:00:00.000,40838139.36
2023-03-04 00:00:00.000,22573767.97
2023-03-05 00:00:00.000,28951526.75
2023-03-06 00:00:00.000,27218463.94
2023-03-07 00:00:00.000,33334485.74
2023-03-08 00:00:00.000,30561732.85
2023-03-09 00:00:00.000,43819698.23
2023-03-10 00:00:00.000,62992992.36
2023-03-11 00:00:00.000,113620874.72
2023-03-12 00:00:00.000,53494009.6
2023-03-13 00:00:00.000,95110767.19
2023-03-14 00:00:00.000,83813795.7
2023-03-15 00:00:00.000,64952374.28
2023-03-16 00:00:00.000,54476076.32
2023-03-17 00:00:00.000,51856320.52
2023-03-18 00:00:00.000,56234951.42
2023-03-19 00:00:00.000,36617993.41
2023-03-20 00:00:00.000,47216780.56
2023-03-21 00:00:00.000,39202360.69
2023-03-22 00:00:00.000,45572590.74
2023-03-23 00:00:00.000,38209171.82
2023-03-24 00:00:00.000,38036120.61
2023-03-25 00:00:00.000,17491727.13
2023-03-26 00:00:00.000,17819102.65
2023-03-27 00:00:00.000,24823634.45
2023-03-28 00:00:00.000,27757637.11
2023-03-29 00:00:00.000,23649234.37
2023-03-30 00:00:00.000,29509375.15
2023-03-31 00:00:00.000,29209402.71
2023-04-01 00:00:00.000,15027781.84
2023-04-02 00:00:00.000,18293632.46
2023-04-03 00:00:00.000,29465915.15
2023-04-04 00:00:00.000,22963266.35
2023-04-05 00:00:00.000,27642486.53
2023-04-06 00:00:00.000,18808986.15
2023-04-07 00:00:00.000,15158340.01
2023-04-08 00:00:00.000,11773614.76
2023-04-09 00:00:00.000,14667551.1
2023-04-10 00:00:00.000,21321267.8
2023-04-11 00:00:00.000,21714042.54
2023-04-12 00:00:00.000,25260655.47
2023-04-13 00:00:00.000,31203359.53
2023-04-14 00:00:00.000,51925076.37
2023-04-15 00:00:00.000,27104548.38
2023-04-16 00:00:00.000,21303365.72
2023-04-17 00:00:00.000,29828088.82
2023-04-18 00:00:00.000,29830985.11
2023-04-19 00:00:00.000,43981103
2023-04-20 00:00:00.000,43930408.49
2023-04-21 00:00:00.000,33426710.17
2023-04-22 00:00:00.000,14045761.65
2023-04-23 00:00:00.000,14884373.09
2023-04-24 00:00:00.000,19271482.75
2023-04-25 00:00:00.000,20381347.05
2023-04-26 00:00:00.000,32150056.94
2023-04-27 00:00:00.000,23441240.52
2023-04-28 00:00:00.000,12247630.98
2023-04-29 00:00:00.000,8878087.73
2023-04-30 00:00:00.000,14754637.35
2023-05-01 00:00:00.000,17062346.23
2023-05-02 00:00:00.000,13658752.21
2023-05-03 00:00:00.000,19339593.92
2023-05-04 00:00:00.000,16794448.93
2023-05-05 00:00:00.000,18695889.5
2023-05-06 00:00:00.000,19862604.41
2023-05-07 00:00:00.000,15766802.33
2023-05-08 00:00:00.000,24504623.34
2023-05-09 00:00:00.000,15516042.35
2023-05-10 00:00:00.000,23825375.81
2023-05-11 00:00:00.000,17581604.91
2023-05-12 00:00:00.000,22699837.28
2023-05-13 00:00:00.000,9248315.04
2023-05-14 00:00:00.000,9290218.56
2023-05-15 00:00:00.000,14477885.11
2023-05-16 00:00:00.000,11533886.05
2023-05-17 00:00:00.000,23612909.87
2023-05-18 00:00:00.000,19787154.27
2023-05-19 00:00:00.000,11437317.84
2023-05-20 00:00:00.000,9583415.18
2023-05-21 00:00:00.000,7777882.56
2023-05-22 00:00:00.000,9377595.68
2023-05-23 00:00:00.000,13296500.2
2023-05-24 00:00:00.000,16864673.89
2023-05-25 00:00:00.000,11178499.29
2023-05-26 00:00:00.000,8924613.83
2023-05-27 00:00:00.000,6544288.51
2023-05-28 00:00:00.000,12457591.17
2023-05-29 00:00:00.000,13324382.11
2023-05-30 00:00:00.000,15827260.34
2023-05-31 00:00:00.000,21571048.28
2023-06-01 00:00:00.000,14973427.9
2023-06-02 00:00:00.000,13979499.54
2023-06-03 00:00:00.000,10107230.54
2023-06-04 00:00:00.000,8921057.74
2023-06-05 00:00:00.000,25568423.49
2023-06-06 00:00:00.000,15420652.34
2023-06-07 00:00:00.000,20504109.08
2023-06-08 00:00:00.000,13099345.52
2023-06-09 00:00:00.000,11570772.56
2023-06-10 00:00:00.000,27107828.82
2023-06-11 00:00:00.000,9869774.46
2023-06-12 00:00:00.000,13050302.56
2023-06-13 00:00:00.000,14038572.1
2023-06-14 00:00:00.000,14477046.67
2023-06-15 00:00:00.000,12525117.51
2023-06-16 00:00:00.000,13604478.39
2023-06-17 00:00:00.000,8687221.64
2023-06-18 00:00:00.000,8211748.82
2023-06-19 00:00:00.000,10271163.53
2023-06-20 00:00:00.000,19347307.4
2023-06-21 00:00:00.000,29759616.41
2023-06-22 00:00:00.000,22065063.17
2023-06-23 00:00:00.000,18254751.68
2023-06-24 00:00:00.000,12753556.6
2023-06-25 00:00:00.000,18897637.38
2023-06-26 00:00:00.000,19142680.46
2023-06-27 00:00:00.000,15120327.12
2023-06-28 00:00:00.000,16717503.44
2023-06-29 00:00:00.000,19033393.97
2023-06-30 00:00:00.000,35435429.89
2023-07-01 00:00:00.000,10869597.38
2023-07-02 00:00:00.000,16045019.12
2023-07-03 00:00:00.000,15906587.58
2023-07-04 00:00:00.000,13195987.88
2023-07-05 00:00:00.000,11043293.5
2023-07-06 00:00:00.000,21267780.34
2023-07-07 00:00:00.000,11330381.12
2023-07-08 00:00:00.000,7810401.76
2023-07-09 00:00:00.000,7769969.83
2023-07-10 00:00:00.000,12533873.52
2023-07-11 00:00:00.000,11102410.09
2023-07-12 00:00:00.000,14945448.94
2023-07-13 00:00:00.000,23702735.15
2023-07-14 00:00:00.000,51522748.83
2023-07-15 00:00:00.000,18680272.63
2023-07-16 00:00:00.000,16201600.63
2023-07-17 00:00:00.000,23647104.62
2023-07-18 00:00:00.000,19735589.25
2023-07-19 00:00:00.000,20744956.91
2023-07-20 00:00:00.000,21266171.44
2023-07-21 00:00:00.000,13580084.34
2023-07-22 00:00:00.000,12922890.95
2023-07-23 00:00:00.000,14162786.23
2023-07-24 00:00:00.000,27153596.62
2023-07-25 00:00:00.000,14518167.4
2023-07-26 00:00:00.000,18661554.07
2023-07-27 00:00:00.000,14970605.19
2023-07-28 00:00:00.000,12056940.44
2023-07-29 00:00:00.000,8522142.01
2023-07-30 00:00:00.000,30068820.68
2023-07-31 00:00:00.000,26529264.71
2023-08-01 00:00:00.000,30273561.51
2023-08-02 00:00:00.000,22726744.41
2023-08-03 00:00:00.000,23885161.26
2023-08-04 00:00:00.000,29365116.56
2023-08-05 00:00:00.000,11321300.96
2023-08-06 00:00:00.000,11204632.11
2023-08-07 00:00:00.000,19966763.09
2023-08-08 00:00:00.000,25085946.92
2023-08-09 00:00:00.000,20377431.26
2023-08-10 00:00:00.000,15067850.69
2023-08-11 00:00:00.000,8553937.59
2023-08-12 00:00:00.000,6634998.44
2023-08-13 00:00:00.000,7304594.25
2023-08-14 00:00:00.000,10123546.56
2023-08-15 00:00:00.000,11676900.5
2023-08-16 00:00:00.000,17878998.65
2023-08-17 00:00:00.000,44488399.74
2023-08-18 00:00:00.000,29850596.25
2023-08-19 00:00:00.000,14965591.8
2023-08-20 00:00:00.000,9927034.2
2023-08-21 00:00:00.000,15894108.58
2023-08-22 00:00:00.000,24877319.82
2023-08-23 00:00:00.000,14889840.34
2023-08-24 00:00:00.000,12925610.96
2023-08-25 00:00:00.000,16115456.49
2023-08-26 00:00:00.000,5796964.55
2023-08-27 00:00:00.000,6354852.51
2023-08-28 00:00:00.000,10469795.5
2023-08-29 00:00:00.000,21050655.28
2023-08-30 00:00:00.000,13258186.02
2023-08-31 00:00:00.000,19076468.2
2023-09-01 00:00:00.000,10951434.97
2023-09-02 00:00:00.000,6982359.04
2023-09-03 00:00:00.000,6755418.11
2023-09-04 00:00:00.000,11022314.78
2023-09-05 00:00:00.000,12566701.23
2023-09-06 00:00:00.000,24626177.09
2023-09-07 00:00:00.000,20126171.64
2023-09-08 00:00:00.000,20340285
2023-09-09 00:00:00.000,13050019.29
2023-09-10 00:00:00.000,16361070.19
2023-09-11 00:00:00.000,24956480.96
2023-09-12 00:00:00.000,26851896.06
2023-09-13 00:00:00.000,24044302.82
2023-09-14 00:00:00.000,19237628.39
2023-09-15 00:00:00.000,19555632.15
2023-09-16 00:00:00.000,12760768.76
2023-09-17 00:00:00.000,12754183.29
2023-09-18 00:00:00.000,22138556.51
2023-09-19 00:00:00.000,17827122.74
2023-09-20 00:00:00.000,19319690.31
2023-09-21 00:00:00.000,20097817.62
2023-09-22 00:00:00.000,12718400.8
2023-09-23 00:00:00.000,10265188.83
2023-09-24 00:00:00.000,10551211.78
2023-09-25 00:00:00.000,15963725.02
2023-09-26 00:00:00.000,16992121.6
2023-09-27 00:00:00.000,19194880.88
2023-09-28 00:00:00.000,24867527.4
2023-09-29 00:00:00.000,16814444.86
2023-09-30 00:00:00.000,15297623.12
2023-10-01 00:00:00.000,19083441.55
2023-10-02 00:00:00.000,32970915.73
2023-10-03 00:00:00.000,15423879.32
2023-10-04 00:00:00.000,16933862.87
2023-10-05 00:00:00.000,16076441.65
2023-10-06 00:00:00.000,15847839.48
2023-10-07 00:00:00.000,7282515.79
2023-10-08 00:00:00.000,10624771.65
2023-10-09 00:00:00.000,20308651.74
2023-10-10 00:00:00.000,17427230.72
2023-10-11 00:00:00.000,23891910.18
2023-10-12 00:00:00.000,18906075.77
2023-10-13 00:00:00.000,16155352.08
2023-10-14 00:00:00.000,6458026.39
2023-10-15 00:00:00.000,9033521.5
2023-10-16 00:00:00.000,29219180.71
2023-10-17 00:00:00.000,15488373.5
2023-10-18 00:00:00.000,14458910.48
2023-10-19 00:00:00.000,14268911.75
2023-10-20 00:00:00.000,23001757.66
2023-10-21 00:00:00.000,18837186.56
2023-10-22 00:00:00.000,18487945.48
2023-10-23 00:00:00.000,51287416.75
2023-10-24 00:00:00.000,69849851.89
2023-10-25 00:00:00.000,31632363.86
2023-10-26 00:00:00.000,62275704.51
2023-10-27 00:00:00.000,23607829.88
2023-10-28 00:00:00.000,13315497.87
2023-10-29 00:00:00.000,12745111.08
2023-10-30 00:00:00.000,25681939.09
2023-10-31 00:00:00.000,25617756.77
2023-11-01 00:00:00.000,39801853.01
2023-11-02 00:00:00.000,38563398.55
2023-11-03 00:00:00.000,28540718.03
2023-11-04 00:00:00.000,25976584.42
2023-11-05 00:00:00.000,36210033.08
2023-11-06 00:00:00.000,37196087.2
2023-11-07 00:00:00.000,34480695.67
2023-11-08 00:00:00.000,25414869.54
2023-11-09 00:00:00.000,96539215.56
2023-11-10 00:00:00.000,73229735.88
2023-11-11 00:00:00.000,50297797.62
2023-11-12 00:00:00.000,47811328.03
2023-11-13 00:00:00.000,81753598.57
2023-11-14 00:00:00.000,65769282.11
2023-11-15 00:00:00.000,52862857.55
2023-11-16 00:00:00.000,88056354.94
2023-11-17 00:00:00.000,83341719.89
2023-11-18 00:00:00.000,44643210.17
2023-11-19 00:00:00.000,35619033.88
2023-11-20 00:00:00.000,52991305.27
2023-11-21 00:00:00.000,72175382.2
2023-11-22 00:00:00.000,57791826.76
2023-11-23 00:00:00.000,37714129.35
2023-11-24 00:00:00.000,44751890.24
2023-11-25 00:00:00.000,23564524.54
2023-11-26 00:00:00.000,33586012.62
2023-11-27 00:00:00.000,37083584.5100001
2023-11-28 00:00:00.000,34717108.15
2023-11-29 00:00:00.000,30626466.87
2023-11-30 00:00:00.000,24603056.88
2023-12-01 00:00:00.000,31042162.28
2023-12-02 00:00:00.000,35713432.81
2023-12-03 00:00:00.000,29437526.31
2023-12-04 00:00:00.000,76275483.72
2023-12-05 00:00:00.000,71380774.09
2023-12-06 00:00:00.000,55210277.66
2023-12-07 00:00:00.000,83357524.4
2023-12-08 00:00:00.000,55764523.25
2023-12-09 00:00:00.000,74358015.14
2023-12-10 00:00:00.000,50963273.8199999
2023-12-11 00:00:00.000,135119969.96
2023-12-12 00:00:00.000,76202162.58
2023-12-13 00:00:00.000,66603942.43
2023-12-14 00:00:00.000,63243239.76
2023-12-15 00:00:00.000,45103556.27
2023-12-16 00:00:00.000,40028729.36
2023-12-17 00:00:00.000,45989194.16
2023-12-18 00:00:00.000,61780295.39
2023-12-19 00:00:00.000,51132923.5
2023-12-20 00:00:00.000,63834872.07
2023-12-21 00:00:00.000,66824984.45
2023-12-22 00:00:00.000,123428449.11
2023-12-23 00:00:00.000,88952955.01
2023-12-24 00:00:00.000,95910265.36
2023-12-25 00:00:00.000,69253524.74
2023-12-26 00:00:00.000,83236707.31
2023-12-27 00:00:00.000,120074563.04
2023-12-28 00:00:00.000,104306461.76
2023-12-29 00:00:00.000,97870475.92
2023-12-30 00:00:00.000,59616993.3
2023-12-31 00:00:00.000,60209104.51
2024-01-01 00:00:00.000,68225542.38
2024-01-02 00:00:00.000,75460866.89
2024-01-03 00:00:00.000,145548492.95
2024-01-04 00:00:00.000,83976495.83
2024-01-05 00:00:00.000,78423556.1
2024-01-06 00:00:00.000,41872864.53
2024-01-07 00:00:00.000,48408392.75
2024-01-08 00:00:00.000,82983265.98
2024-01-09 00:00:00.000,117254963.06
2024-01-10 00:00:00.000,145538868.84
2024-01-11 00:00:00.000,110041937.05
2024-01-12 00:00:00.000,139835530.01
2024-01-13 00:00:00.000,50378640.62
2024-01-14 00:00:00.000,37949868.12
2024-01-15 00:00:00.000,38004539.47
2024-01-16 00:00:00.000,45237075.03
2024-01-17 00:00:00.000,43613575.22
2024-01-18 00:00:00.000,42846173.42
2024-01-19 00:00:00.000,43439739.93
2024-01-20 00:00:00.000,23788310.05
2024-01-21 00:00:00.000,17424618.1
2024-01-22 00:00:00.000,51215765.94
2024-01-23 00:00:00.000,55235731
2024-01-24 00:00:00.000,34463464.39
2024-01-25 00:00:00.000,45843344.53
2024-01-26 00:00:00.000,37877969.09
2024-01-27 00:00:00.000,21151003.45
2024-01-28 00:00:00.000,27128738.74
2024-01-29 00:00:00.000,31832824.72
2024-01-30 00:00:00.000,40586408.58
2024-01-31 00:00:00.000,48081834.7
2024-02-01 00:00:00.000,33479621.73
2024-02-02 00:00:00.000,28183838.21
2024-02-03 00:00:00.000,24206525.84
2024-02-04 00:00:00.000,26246041.66
2024-02-05 00:00:00.000,38126408.89
2024-02-06 00:00:00.000,55350196.88
2024-02-07 00:00:00.000,48128516.28
2024-02-08 00:00:00.000,37187667.37
2024-02-09 00:00:00.000,40179917.7
2024-02-10 00:00:00.000,21751748.99
2024-02-11 00:00:00.000,29656508.67
2024-02-12 00:00:00.000,50266212.1
2024-02-13 00:00:00.000,53512945.78
2024-02-14 00:00:00.000,46902040.42
2024-02-15 00:00:00.000,56888082.22
2024-02-16 00:00:00.000,51941147.16
2024-02-17 00:00:00.000,35247553.52
2024-02-18 00:00:00.000,47685373.88
2024-02-19 00:00:00.000,67810658.8
2024-02-20 00:00:00.000,107435850.79
2024-02-21 00:00:00.000,69905910.76
2024-02-22 00:00:00.000,61133835.92
2024-02-23 00:00:00.000,47411084.17
2024-02-24 00:00:00.000,39402835.63
2024-02-25 00:00:00.000,62239849.94
2024-02-26 00:00:00.000,63864006.63
2024-02-27 00:00:00.000,77159577.64
2024-02-28 00:00:00.000,123986891.3
2024-02-29 00:00:00.000,109711857.67
2024-03-01 00:00:00.000,86088738.44
2024-03-02 00:00:00.000,60110074.16
2024-03-03 00:00:00.000,79663214.98
2024-03-04 00:00:00.000,82096020.75
2024-03-05 00:00:00.000,240169579.55
2024-03-06 00:00:00.000,147976170.1
2024-03-07 00:00:00.000,96394695.83
2024-03-08 00:00:00.000,98986876.75
2024-03-09 00:00:00.000,70147557.56
2024-03-10 00:00:00.000,62495203.67
2024-03-11 00:00:00.000,115137193.11
2024-03-12 00:00:00.000,96536332.88
2024-03-13 00:00:00.000,68962845.33
2024-03-14 00:00:00.000,110663731.71
2024-03-15 00:00:00.000,131679757.61
2024-03-16 00:00:00.000,96044536.6
2024-03-17 00:00:00.000,85298762.22
2024-03-18 00:00:00.000,89919048.16
2024-03-19 00:00:00.000,139216562.42
2024-03-20 00:00:00.000,148862098.07
2024-03-21 00:00:00.000,89065466.25
2024-03-22 00:00:00.000,108442470.22
2024-03-23 00:00:00.000,59429069.47
2024-03-24 00:00:00.000,69665042.69
2024-03-25 00:00:00.000,92947372.55
2024-03-26 00:00:00.000,119282408.91
2024-03-27 00:00:00.000,116040965.66
2024-03-28 00:00:00.000,105753244.8
2024-03-29 00:00:00.000,65573618.26
2024-03-30 00:00:00.000,50324781.23
2024-03-31 00:00:00.000,50664409.12
2024-04-01 00:00:00.000,76584986.39
2024-04-02 00:00:00.000,113704281.43
2024-04-03 00:00:00.000,69029935.9
2024-04-04 00:00:00.000,73519585.11
2024-04-05 00:00:00.000,73938470.61
2024-04-06 00:00:00.000,40643023.85
2024-04-07 00:00:00.000,54367651.95
2024-04-08 00:00:00.000,88743230.5800008
2024-04-09 00:00:00.000,96112143.11
2024-04-10 00:00:00.000,85523409.04
2024-04-11 00:00:00.000,71248194.02
2024-04-12 00:00:00.000,126922359.87
2024-04-13 00:00:00.000,141850475.44
2024-04-14 00:00:00.000,105107133.98
2024-04-15 00:00:00.000,100516225.67
2024-04-16 00:00:00.000,84251168.01
2024-04-17 00:00:00.000,71833340.91
2024-04-18 00:00:00.000,66339657.47
2024-04-19 00:00:00.000,100097617.92
2024-04-20 00:00:00.000,54613773.19
2024-04-21 00:00:00.000,75137510.71
2024-04-22 00:00:00.000,90006002.05
2024-04-23 00:00:00.000,68469870.35
2024-04-24 00:00:00.000,90773097.19
2024-04-25 00:00:00.000,84916940.49
2024-04-26 00:00:00.000,60334182.93
2024-04-27 00:00:00.000,84678844.14
2024-04-28 00:00:00.000,87982538.59
2024-04-29 00:00:00.000,91045765.69
2024-04-30 00:00:00.000,114743619.74
2024-05-01 00:00:00.000,160720136.02
2024-05-02 00:00:00.000,112724193.51
2024-05-03 00:00:00.000,88979232.89
2024-05-04 00:00:00.000,70079055.11
2024-05-05 00:00:00.000,57389126.94
2024-05-06 00:00:00.000,75893226.15
2024-05-07 00:00:00.000,72614814.45
2024-05-08 00:00:00.000,68981845.98
2024-05-09 00:00:00.000,50573270.74
2024-05-10 00:00:00.000,51715075.78
2024-05-11 00:00:00.000,39797469.41
2024-05-12 00:00:00.000,26413546.74
2024-05-13 00:00:00.000,65790502.36
2024-05-14 00:00:00.000,65225651.28
2024-05-15 00:00:00.000,109867867.18
2024-05-16 00:00:00.000,54589435.02
2024-05-17 00:00:00.000,67923407.69
2024-05-18 00:00:00.000,50295411.91
2024-05-19 00:00:00.000,38514765.27
2024-05-20 00:00:00.000,122206353.87
2024-05-21 00:00:00.000,125797181.28
2024-05-22 00:00:00.000,100282740.7
2024-05-23 00:00:00.000,194164779.03
2024-05-24 00:00:00.000,84213416.24
2024-05-25 00:00:00.000,43074351.32
2024-05-26 00:00:00.000,48270078.99
2024-05-27 00:00:00.000,67157695.47
2024-05-28 00:00:00.000,70568505.31
2024-05-29 00:00:00.000,67167944.69
2024-05-30 00:00:00.000,72457886.54
2024-05-31 00:00:00.000,56706774.78
2024-06-01 00:00:00.000,25077569.58
2024-06-02 00:00:00.000,37781823.89
2024-06-03 00:00:00.000,50900586.76
2024-06-04 00:00:00.000,42631454.14
2024-06-05 00:00:00.000,45272226.34
2024-06-06 00:00:00.000,34725011.37
2024-06-07 00:00:00.000,68161012.2600001
2024-06-08 00:00:00.000,24693372.48
2024-06-09 00:00:00.000,19916051.52
2024-06-10 00:00:00.000,27055455.8600001
2024-06-11 00:00:00.000,58299369.29
2024-06-12 00:00:00.000,56262036.25
2024-06-13 00:00:00.000,43462478.31
2024-06-14 00:00:00.000,51190778.24
2024-06-15 00:00:00.000,29284432.77
2024-06-16 00:00:00.000,23574055.04
2024-06-17 00:00:00.000,49770696.04
2024-06-18 00:00:00.000,59610463.38
2024-06-19 00:00:00.000,40662142.92
2024-06-20 00:00:00.000,60217874.35
2024-06-21 00:00:00.000,72214276.81
2024-06-22 00:00:00.000,24312145.6
2024-06-23 00:00:00.000,25791855.58
2024-06-24 00:00:00.000,72415472.9899999
2024-06-25 00:00:00.000,39047977.5699999
2024-06-26 00:00:00.000,34203521.4099999
2024-06-27 00:00:00.000,41540542.1399999
2024-06-28 00:00:00.000,39439642.88
2024-06-29 00:00:00.000,20803966.77
2024-06-30 00:00:00.000,26402086.21
2024-07-01 00:00:00.000,36340649.03
2024-07-02 00:00:00.000,28081265.44
2024-07-03 00:00:00.000,44193012.88
2024-07-04 00:00:00.000,64942713.8400002
2024-07-05 00:00:00.000,104777350.49
2024-07-06 00:00:00.000,39387934.73
2024-07-07 00:00:00.000,29512645
2024-07-08 00:00:00.000,59902356.91
2024-07-09 00:00:00.000,38089432.27
2024-07-10 00:00:00.000,42078173.34
2024-07-11 00:00:00.000,38482124.56
2024-07-12 00:00:00.000,31859864.34
2024-07-13 00:00:00.000,20747543.83
2024-07-14 00:00:00.000,25955712.82
2024-07-15 00:00:00.000,53949023.3499999
2024-07-16 00:00:00.000,57748946.7599999
2024-07-17 00:00:00.000,57608953.0599999
2024-07-18 00:00:00.000,36810756.35
2024-07-19 00:00:00.000,42851445.37
2024-07-20 00:00:00.000,28625652.33
2024-07-21 00:00:00.000,35620016.0299999
2024-07-22 00:00:00.000,39891252.1499999
2024-07-23 00:00:00.000,63585987.6299998
2024-07-24 00:00:00.000,38419519.67
2024-07-25 00:00:00.000,52829751.11
2024-07-26 00:00:00.000,25923945.33
2024-07-27 00:00:00.000,33654936.2899999
2024-07-28 00:00:00.000,18087274.27
2024-07-29 00:00:00.000,37871168.9
2024-07-30 00:00:00.000,29448942.3899999
2024-07-31 00:00:00.000,33390071.3299999
2024-08-01 00:00:00.000,48311640.0199999
2024-08-02 00:00:00.000,48798183.8399999
2024-08-03 00:00:00.000,40892214.51
2024-08-04 00:00:00.000,50594575.3099997
2024-08-05 00:00:00.000,224208898.43
2024-08-06 00:00:00.000,46801092.1399999
2024-08-07 00:00:00.000,39132230.0299999
2024-08-08 00:00:00.000,46663167.8199998
2024-08-09 00:00:00.000,28308932.8599997
2024-08-10 00:00:00.000,20586294.41
2024-08-11 00:00:00.000,36933199.8999998
2024-08-12 00:00:00.000,37511830.9199998
2024-08-13 00:00:00.000,35936155.5699998
2024-08-14 00:00:00.000,27213964.09
2024-08-15 00:00:00.000,31083964.97
2024-08-16 00:00:00.000,23765507.22
2024-08-17 00:00:00.000,15236877.2300001
2024-08-18 00:00:00.000,16925812.58
2024-08-19 00:00:00.000,22957909.6999998
2024-08-20 00:00:00.000,24107982.84
2024-08-21 00:00:00.000,26708515.71
2024-08-22 00:00:00.000,20544926.3200001
2024-08-23 00:00:00.000,36313232.0299993
2024-08-24 00:00:00.000,50031788.08
2024-08-25 00:00:00.000,21910433.3999997
2024-08-26 00:00:00.000,25858796.9599997
2024-08-27 00:00:00.000,39361715.27
2024-08-28 00:00:00.000,41020296.8199998
2024-08-29 00:00:00.000,27677053.5399999
2024-08-30 00:00:00.000,26498924.2099997
2024-08-31 00:00:00.000,9572074.35000024
2024-09-01 00:00:00.000,17806362.7100001
2024-09-02 00:00:00.000,19078552.1200001
2024-09-03 00:00:00.000,19066067.7499999
ï»¿