DATE,POOL_NAME,POOL_ADDR,MIN_EP,MAX_EP
2024-02-14 00:00:00.000,USDC-WETH,0x4c43646304492a925e335f2b6d840c1489f17815,3096.621756325,20940.536499023
2024-02-17 00:00:00.000,USDC-WETH,0x4c43646304492a925e335f2b6d840c1489f17815,2778.486778656,2794.223553472
2024-02-20 00:00:00.000,USDC-WETH,0x4c43646304492a925e335f2b6d840c1489f17815,3012.535022621,3012.535022621
2024-02-21 00:00:00.000,USDC-WETH,0x4c43646304492a925e335f2b6d840c1489f17815,2913.08,2995.106982507
2024-02-22 00:00:00.000,USDC-WETH,0x4c43646304492a925e335f2b6d840c1489f17815,2941.87,2999.432
2024-02-23 00:00:00.000,USDC-WETH,0x4c43646304492a925e335f2b6d840c1489f17815,2932.751997178,2932.751997178
2024-02-24 00:00:00.000,USDC-WETH,0x4c43646304492a925e335f2b6d840c1489f17815,2915.901191907,3002.172491988
2024-02-25 00:00:00.000,USDC-WETH,0x4c43646304492a925e335f2b6d840c1489f17815,3023.875899194,3094.683333333
2024-02-26 00:00:00.000,USDC-WETH,0x4c43646304492a925e335f2b6d840c1489f17815,3049.8,3166.57
2024-02-27 00:00:00.000,USDC-WETH,0x4c43646304492a925e335f2b6d840c1489f17815,3248.392,3277.81
2024-02-28 00:00:00.000,USDC-WETH,0x4c43646304492a925e335f2b6d840c1489f17815,3244.991431633,3397.17
2024-02-29 00:00:00.000,USDC-WETH,0x4c43646304492a925e335f2b6d840c1489f17815,3356.743333333,3457.679842699
2024-03-02 00:00:00.000,USDC-WETH,0x4c43646304492a925e335f2b6d840c1489f17815,3415.043333333,3415.043333333
2024-03-03 00:00:00.000,USDC-WETH,0x4c43646304492a925e335f2b6d840c1489f17815,3364.505740463,3399.47
2024-03-04 00:00:00.000,USDC-WETH,0x4c43646304492a925e335f2b6d840c1489f17815,3529.82938526,3547.177523312
2024-03-05 00:00:00.000,USDC-WETH,0x4c43646304492a925e335f2b6d840c1489f17815,3466.472297691,3724.241692103
2024-03-06 00:00:00.000,USDC-WETH,0x4c43646304492a925e335f2b6d840c1489f17815,3791.742713568,3870.916666667
2024-03-07 00:00:00.000,USDC-WETH,0x4c43646304492a925e335f2b6d840c1489f17815,3785.616438356,3843.553530363
2024-03-08 00:00:00.000,USDC-WETH,0x4c43646304492a925e335f2b6d840c1489f17815,3877.392964824,3963.886842369
2024-03-08 00:00:00.000,WETH-USDT,0x2f629782c58918252970ab038d3fbd16e84d5076,19020.430610122,19020.430610122
2024-03-09 00:00:00.000,USDC-WETH,0x4c43646304492a925e335f2b6d840c1489f17815,3897.725,3933
2024-03-10 00:00:00.000,USDC-WETH,0x4c43646304492a925e335f2b6d840c1489f17815,3894.45,3926.833333333
2024-03-11 00:00:00.000,USDC-WETH,0x4c43646304492a925e335f2b6d840c1489f17815,3851.342219002,3851.342219002
2024-03-12 00:00:00.000,USDC-WETH,0x4c43646304492a925e335f2b6d840c1489f17815,3922.553273956,4040.26
2024-03-13 00:00:00.000,USDC-WETH,0x4c43646304492a925e335f2b6d840c1489f17815,3971.423669431,4017.010141736
2024-03-14 00:00:00.000,USDC-WETH,0x4c43646304492a925e335f2b6d840c1489f17815,3786.007272727,3991.2
2024-03-15 00:00:00.000,USDC-WETH,0x4c43646304492a925e335f2b6d840c1489f17815,3635.914890052,3879.047712662
2024-03-16 00:00:00.000,USDC-WETH,0x4c43646304492a925e335f2b6d840c1489f17815,3506.946666667,3732.187711404
2024-03-17 00:00:00.000,USDC-WETH,0x4c43646304492a925e335f2b6d840c1489f17815,3443.577746105,3600.696871575
2024-03-18 00:00:00.000,USDC-WETH,0x4c43646304492a925e335f2b6d840c1489f17815,3479.1392852,3626.9975
2024-03-18 00:00:00.000,WETH-USDT,0x2f629782c58918252970ab038d3fbd16e84d5076,9650.97162636,9650.97162636
2024-03-19 00:00:00.000,USDC-WETH,0x4c43646304492a925e335f2b6d840c1489f17815,3161.803271864,3527.949901595
2024-03-19 00:00:00.000,WETH-USDT,0x2f629782c58918252970ab038d3fbd16e84d5076,3415.8,3415.8
2024-03-20 00:00:00.000,USDC-WETH,0x4c43646304492a925e335f2b6d840c1489f17815,3116.671124697,3477.953488372
2024-03-20 00:00:00.000,WETH-USDT,0x2f629782c58918252970ab038d3fbd16e84d5076,3219.083333333,3468.011488642
2024-03-21 00:00:00.000,USDC-WETH,0x4c43646304492a925e335f2b6d840c1489f17815,3427.462962963,3537.8
2024-03-22 00:00:00.000,USDC-WETH,0x4c43646304492a925e335f2b6d840c1489f17815,3281.653710276,3498.949436156
2024-03-22 00:00:00.000,USDC-USDT,0x6728bfc6f086801c6fdaa8a3689ff498ed071704,0.9949848882,0.9949848882
2024-03-22 00:00:00.000,WETH-USDT,0x2f629782c58918252970ab038d3fbd16e84d5076,3450.279329609,3468.340061735
2024-03-23 00:00:00.000,USDC-WETH,0x4c43646304492a925e335f2b6d840c1489f17815,3248.745901639,3410.892492545
2024-03-23 00:00:00.000,WETH-USDT,0x2f629782c58918252970ab038d3fbd16e84d5076,3421.621621622,3421.621621622
2024-03-24 00:00:00.000,USDC-WETH,0x4c43646304492a925e335f2b6d840c1489f17815,3319.533678756,3384.00651845
2024-03-24 00:00:00.000,WETH-USDT,0x2f629782c58918252970ab038d3fbd16e84d5076,3354.090277327,3403.396304087
2024-03-25 00:00:00.000,USDC-WETH,0x4c43646304492a925e335f2b6d840c1489f17815,3421.851351624,3653.755352352
2024-03-26 00:00:00.000,USDC-WETH,0x4c43646304492a925e335f2b6d840c1489f17815,3563.623811906,3652.765
2024-03-26 00:00:00.000,USDC-USDT,0x6728bfc6f086801c6fdaa8a3689ff498ed071704,0.98888155,1.001770695
2024-03-26 00:00:00.000,WETH-USDT,0x2f629782c58918252970ab038d3fbd16e84d5076,3676.087813856,3676.087813856
2024-03-27 00:00:00.000,USDC-USDT,0x6728bfc6f086801c6fdaa8a3689ff498ed071704,0.9852726363,1.013240575
2024-03-27 00:00:00.000,USDC-WETH,0x4c43646304492a925e335f2b6d840c1489f17815,3473.3398238,3659.13
2024-03-28 00:00:00.000,WETH-USDT,0x2f629782c58918252970ab038d3fbd16e84d5076,3360,3824.561403509
2024-03-28 00:00:00.000,USDC-WETH,0x4c43646304492a925e335f2b6d840c1489f17815,3471.426850329,3587.385384979
2024-03-28 00:00:00.000,USDC-USDT,0x6728bfc6f086801c6fdaa8a3689ff498ed071704,0.987566512,1.007063532
2024-03-29 00:00:00.000,WETH-USDT,0x2f629782c58918252970ab038d3fbd16e84d5076,3241.559233728,3696.279439491
2024-03-29 00:00:00.000,USDC-USDT,0x6728bfc6f086801c6fdaa8a3689ff498ed071704,0.9835423197,1.006103052
2024-03-29 00:00:00.000,USDC-WETH,0x4c43646304492a925e335f2b6d840c1489f17815,3456.872997683,3569.6
2024-03-30 00:00:00.000,WETH-USDT,0x2f629782c58918252970ab038d3fbd16e84d5076,3600.571320259,3724.890829694
2024-03-30 00:00:00.000,USDC-USDT,0x6728bfc6f086801c6fdaa8a3689ff498ed071704,0.9930030061,1.00220088
2024-03-30 00:00:00.000,USDC-WETH,0x4c43646304492a925e335f2b6d840c1489f17815,3476.532603227,3550.85989417
2024-03-31 00:00:00.000,USDC-WETH,0x4c43646304492a925e335f2b6d840c1489f17815,3490.071765365,3652.026013007
2024-03-31 00:00:00.000,USDC-USDT,0x6728bfc6f086801c6fdaa8a3689ff498ed071704,0.9940599608,1.00070035
2024-03-31 00:00:00.000,WETH-USDT,0x2f629782c58918252970ab038d3fbd16e84d5076,3516.60899654,3683.6
2024-04-01 00:00:00.000,USDC-WETH,0x4c43646304492a925e335f2b6d840c1489f17815,3404.85576191,3599.443281257
2024-04-01 00:00:00.000,USDC-USDT,0x6728bfc6f086801c6fdaa8a3689ff498ed071704,0.9829207921,0.9924807903
2024-04-01 00:00:00.000,WETH-USDT,0x2f629782c58918252970ab038d3fbd16e84d5076,3300,3526.939393939
2024-04-02 00:00:00.000,USDC-WETH,0x4c43646304492a925e335f2b6d840c1489f17815,3211.494002599,3513.06
2024-04-02 00:00:00.000,WETH-USDT,0x2f629782c58918252970ab038d3fbd16e84d5076,3377.405368079,3477.660965725
2024-04-03 00:00:00.000,USDC-WETH,0x4c43646304492a925e335f2b6d840c1489f17815,3253.408309329,3361.93856999
2024-04-03 00:00:00.000,USDC-USDT,0x6728bfc6f086801c6fdaa8a3689ff498ed071704,1.009933333,1.009933333
2024-04-03 00:00:00.000,WETH-USDT,0x2f629782c58918252970ab038d3fbd16e84d5076,3243.981048186,3272.540782729
2024-04-04 00:00:00.000,USDC-WETH,0x4c43646304492a925e335f2b6d840c1489f17815,3274.953708216,3394.803333333
2024-04-04 00:00:00.000,WETH-USDT,0x2f629782c58918252970ab038d3fbd16e84d5076,3488.533333333,3488.533333333
2024-04-05 00:00:00.000,USDC-WETH,0x4c43646304492a925e335f2b6d840c1489f17815,3223.007555311,3334.798994975
2024-04-05 00:00:00.000,WETH-USDT,0x2f629782c58918252970ab038d3fbd16e84d5076,3347.959183673,3363.106796117
2024-04-06 00:00:00.000,WETH-USDT,0x2f629782c58918252970ab038d3fbd16e84d5076,3288.770053476,3336.029411765
2024-04-06 00:00:00.000,USDC-WETH,0x4c43646304492a925e335f2b6d840c1489f17815,3321.515823535,3372.864321608
2024-04-07 00:00:00.000,USDC-WETH,0x4c43646304492a925e335f2b6d840c1489f17815,3362.773869347,3389.115577889
2024-04-07 00:00:00.000,WETH-USDT,0x2f629782c58918252970ab038d3fbd16e84d5076,3281.818181818,3435.5
2024-04-08 00:00:00.000,WETH-USDT,0x2f629782c58918252970ab038d3fbd16e84d5076,3333.333333333,3443.243243243
2024-04-08 00:00:00.000,USDC-WETH,0x4c43646304492a925e335f2b6d840c1489f17815,3418.291457286,3695.015075377
2024-04-08 00:00:00.000,USDC-USDT,0x6728bfc6f086801c6fdaa8a3689ff498ed071704,1.001900524,1.001900524
2024-04-09 00:00:00.000,WETH-USDT,0x2f629782c58918252970ab038d3fbd16e84d5076,3492.857142857,4587.606486895
2024-04-09 00:00:00.000,USDC-WETH,0x4c43646304492a925e335f2b6d840c1489f17815,3486.03865662,3688.864321608
2024-04-09 00:00:00.000,USDC-OP,0x2fbc7f425d5fe4dedcff77b45afaf7ac113e9662,4.2983,4.2983
2024-04-10 00:00:00.000,USDC-WETH,0x4c43646304492a925e335f2b6d840c1489f17815,3424.804020101,3520.5
2024-04-10 00:00:00.000,USDC-USDT,0x6728bfc6f086801c6fdaa8a3689ff498ed071704,0.9975699931,0.9985014189
2024-04-10 00:00:00.000,WETH-USDT,0x2f629782c58918252970ab038d3fbd16e84d5076,3415,3500.99009901
2024-04-11 00:00:00.000,WETH-USDT,0x2f629782c58918252970ab038d3fbd16e84d5076,3485.661764706,6805.831239188
2024-04-11 00:00:00.000,OP-USDT,0xc36ab7527477744ab36f59af89898055d0eed4e3,4.46,4.46
2024-04-11 00:00:00.000,USDC-WETH,0x4c43646304492a925e335f2b6d840c1489f17815,3479.434875354,3611.007107137
2024-04-12 00:00:00.000,USDC-USDT,0x6728bfc6f086801c6fdaa8a3689ff498ed071704,0.9962293172,0.9962293172
2024-04-12 00:00:00.000,OP-USDT,0xc36ab7527477744ab36f59af89898055d0eed4e3,40,40
2024-04-12 00:00:00.000,USDC-OP,0x2fbc7f425d5fe4dedcff77b45afaf7ac113e9662,2.839913718,2.839913718
2024-04-12 00:00:00.000,WETH-USDT,0x2f629782c58918252970ab038d3fbd16e84d5076,3276.61649387,3498.828125
2024-04-12 00:00:00.000,USDC-WETH,0x4c43646304492a925e335f2b6d840c1489f17815,3156.650880134,3543.827755947
2024-04-13 00:00:00.000,USDC-WETH,0x4c43646304492a925e335f2b6d840c1489f17815,2933.020540721,3291.457286432
2024-04-13 00:00:00.000,WETH-USDT,0x2f629782c58918252970ab038d3fbd16e84d5076,3040.473667373,3241.946799662
2024-04-13 00:00:00.000,USDC-USDT,0x6728bfc6f086801c6fdaa8a3689ff498ed071704,0.996637,0.996637
2024-04-14 00:00:00.000,WETH-USDT,0x2f629782c58918252970ab038d3fbd16e84d5076,2860,2860
2024-04-14 00:00:00.000,USDC-USDT,0x6728bfc6f086801c6fdaa8a3689ff498ed071704,0.9954979325,0.998550475
2024-04-14 00:00:00.000,USDC-WETH,0x4c43646304492a925e335f2b6d840c1489f17815,2892.8140796,3098.695257624
2024-04-15 00:00:00.000,USDC-WETH,0x4c43646304492a925e335f2b6d840c1489f17815,3044.215220832,3255.84
2024-04-15 00:00:00.000,USDC-USDT,0x6728bfc6f086801c6fdaa8a3689ff498ed071704,0.9314879,1.066570539
2024-04-15 00:00:00.000,WETH-USDT,0x2f629782c58918252970ab038d3fbd16e84d5076,110.020933333,3241.18
2024-04-16 00:00:00.000,WETH-USDT,0x2f629782c58918252970ab038d3fbd16e84d5076,3004.058527761,3137.48
2024-04-16 00:00:00.000,USDC-WETH,0x4c43646304492a925e335f2b6d840c1489f17815,3004.319664388,3109.8
2024-04-16 00:00:00.000,USDC-USDT,0x6728bfc6f086801c6fdaa8a3689ff498ed071704,0.9971670885,1.000260216
2024-04-17 00:00:00.000,WETH-USDT,0x2f629782c58918252970ab038d3fbd16e84d5076,752.248081911,5382.542206138
2024-04-17 00:00:00.000,HOUND-USDT,0x1dd2b76ff7d68f7b9c3607fe4c889a4903354550,0.000002590625089,0.000002756242686
2024-04-17 00:00:00.000,USDC-WETH,0x4c43646304492a925e335f2b6d840c1489f17815,2955.07,3094.125628141
2024-04-17 00:00:00.000,USDC-USDT,0x6728bfc6f086801c6fdaa8a3689ff498ed071704,0.9862457442,1.015175879
2024-04-18 00:00:00.000,HOUND-USDT,0x1dd2b76ff7d68f7b9c3607fe4c889a4903354550,0.000002643254327,0.000002643254327
2024-04-18 00:00:00.000,USDC-USDT,0x6728bfc6f086801c6fdaa8a3689ff498ed071704,0.9809,1.0095
2024-04-18 00:00:00.000,WETH-USDT,0x2f629782c58918252970ab038d3fbd16e84d5076,2866.124727853,3073.094170404
2024-04-18 00:00:00.000,USDC-WETH,0x4c43646304492a925e335f2b6d840c1489f17815,2972.915006709,3072.435252279
2024-04-19 00:00:00.000,HOUND-USDT,0x1dd2b76ff7d68f7b9c3607fe4c889a4903354550,0.000002652875591,0.000002652875591
2024-04-19 00:00:00.000,WETH-USDT,0x2f629782c58918252970ab038d3fbd16e84d5076,3006.451612903,3045.252597335
2024-04-19 00:00:00.000,USDC-WETH,0x4c43646304492a925e335f2b6d840c1489f17815,2914.6866804,3110.817906144
2024-04-20 00:00:00.000,USDC-USDT,0x6728bfc6f086801c6fdaa8a3689ff498ed071704,1.00852,1.00852
2024-04-20 00:00:00.000,WETH-USDT,0x2f629782c58918252970ab038d3fbd16e84d5076,3000.366300366,3115.972222222
2024-04-20 00:00:00.000,USDC-WETH,0x4c43646304492a925e335f2b6d840c1489f17815,3036.395572772,3150.754014418
2024-04-21 00:00:00.000,OP-USDT,0xc36ab7527477744ab36f59af89898055d0eed4e3,10.964637859,10.964637859
2024-04-21 00:00:00.000,WETH-USDT,0x2f629782c58918252970ab038d3fbd16e84d5076,3098.571428571,3143.788508094
2024-04-21 00:00:00.000,USDC-WETH,0x4c43646304492a925e335f2b6d840c1489f17815,3123.284761737,3169.28
2024-04-22 00:00:00.000,WETH-USDT,0x2f629782c58918252970ab038d3fbd16e84d5076,3136.3,3241.135348768
2024-04-22 00:00:00.000,USDC-WETH,0x4c43646304492a925e335f2b6d840c1489f17815,3136.91,3216.066666667
2024-04-22 00:00:00.000,USDC-USDT,0x6728bfc6f086801c6fdaa8a3689ff498ed071704,0.9908367602,0.9908367602
2024-04-23 00:00:00.000,USDC-WETH,0x4c43646304492a925e335f2b6d840c1489f17815,3138.787096967,3242.599605644
2024-04-23 00:00:00.000,WETH-USDT,0x2f629782c58918252970ab038d3fbd16e84d5076,3104.751494209,3154.149739501
2024-04-24 00:00:00.000,USDC-OP,0x2fbc7f425d5fe4dedcff77b45afaf7ac113e9662,2.6281,2.6281
2024-04-24 00:00:00.000,USDC-WETH,0x4c43646304492a925e335f2b6d840c1489f17815,3094.259765229,3287.896200426
2024-04-24 00:00:00.000,WETH-USDT,0x2f629782c58918252970ab038d3fbd16e84d5076,3148.10097769,3338.975
2024-04-25 00:00:00.000,WETH-USDT,0x2f629782c58918252970ab038d3fbd16e84d5076,3088.005066005,3213.178555177
2024-04-25 00:00:00.000,USDC-OP,0x2fbc7f425d5fe4dedcff77b45afaf7ac113e9662,2.428067527,2.428067527
2024-04-25 00:00:00.000,USDC-WETH,0x4c43646304492a925e335f2b6d840c1489f17815,3080.521195791,3176.972785249
2024-04-25 00:00:00.000,USDC-USDT,0x023fd380740d636dee320deaa19b75e377c688b7,0.9938,0.9938
2024-04-26 00:00:00.000,WETH-USDT,0x2f629782c58918252970ab038d3fbd16e84d5076,3097.027999728,3165.268702694
2024-04-26 00:00:00.000,USDC-WETH,0x4c43646304492a925e335f2b6d840c1489f17815,3081.761602575,3160.455
2024-04-26 00:00:00.000,USDC-OP,0x2fbc7f425d5fe4dedcff77b45afaf7ac113e9662,2.326101648,2.408872632
2024-04-26 00:00:00.000,USDC-USDT,0x6728bfc6f086801c6fdaa8a3689ff498ed071704,0.9781144148,1.017208604
2024-04-27 00:00:00.000,USDC-WETH,0x4c43646304492a925e335f2b6d840c1489f17815,3079.263100672,3262.56497128
2024-04-27 00:00:00.000,WETH-USDT,0x2f629782c58918252970ab038d3fbd16e84d5076,3114.130434783,3218.421052632
2024-04-27 00:00:00.000,USDC-OP,0x2fbc7f425d5fe4dedcff77b45afaf7ac113e9662,2.275551679,2.612763467
2024-04-27 00:00:00.000,USDC-USDT,0x6728bfc6f086801c6fdaa8a3689ff498ed071704,0.9881377123,1.006403073
2024-04-28 00:00:00.000,USDC-OP,0x2fbc7f425d5fe4dedcff77b45afaf7ac113e9662,2.677543932,2.737521678
2024-04-28 00:00:00.000,WETH-USDT,0x2f629782c58918252970ab038d3fbd16e84d5076,3280.763718427,3320.603015075
2024-04-28 00:00:00.000,USDC-USDT,0x6728bfc6f086801c6fdaa8a3689ff498ed071704,0.9845322661,1.015763547
2024-04-28 00:00:00.000,USDC-WETH,0x4c43646304492a925e335f2b6d840c1489f17815,3225.589266671,3395.690014946
2024-04-29 00:00:00.000,USDC-USDT,0x6728bfc6f086801c6fdaa8a3689ff498ed071704,0.9869979997,1.0068
2024-04-29 00:00:00.000,USDC-OP,0x2fbc7f425d5fe4dedcff77b45afaf7ac113e9662,2.428285492,2.630619159
2024-04-29 00:00:00.000,USDC-WETH,0x4c43646304492a925e335f2b6d840c1489f17815,3127.192535311,3274.099039034
2024-04-29 00:00:00.000,WETH-USDT,0x2f629782c58918252970ab038d3fbd16e84d5076,3127.693327983,3223.545793946
2024-04-30 00:00:00.000,USDC-WETH,0x4c43646304492a925e335f2b6d840c1489f17815,2947.766466165,3207.104261194
2024-04-30 00:00:00.000,WETH-USDT,0x2f629782c58918252970ab038d3fbd16e84d5076,3005.246304002,3173.553719008
2024-04-30 00:00:00.000,USDC-OP,0x2fbc7f425d5fe4dedcff77b45afaf7ac113e9662,2.316512321,2.490909295
2024-04-30 00:00:00.000,USDC-USDT,0x6728bfc6f086801c6fdaa8a3689ff498ed071704,0.9792764985,1.021310655
2024-05-01 00:00:00.000,USDC-USDT,0x6728bfc6f086801c6fdaa8a3689ff498ed071704,0.9830920222,1.010737948
2024-05-01 00:00:00.000,USDC-OP,0x2fbc7f425d5fe4dedcff77b45afaf7ac113e9662,2.409264613,2.410624889
2024-05-01 00:00:00.000,USDC-IPT,0xbd3b26a214734c12d3dc7fc3e22b91226a7c1517,0.03192647993,0.03671287946
2024-05-01 00:00:00.000,USDC-WETH,0x4c43646304492a925e335f2b6d840c1489f17815,2847.412949202,3011.13474183
2024-05-01 00:00:00.000,WETH-USDT,0x2f629782c58918252970ab038d3fbd16e84d5076,2788.363916211,2982.710280374
2024-05-02 00:00:00.000,USDC-USDT,0x6728bfc6f086801c6fdaa8a3689ff498ed071704,0.9904552276,1.00733018
2024-05-02 00:00:00.000,WETH-USDT,0x2f629782c58918252970ab038d3fbd16e84d5076,2984.789595582,3018.2
2024-05-02 00:00:00.000,USDC-WETH,0x4c43646304492a925e335f2b6d840c1489f17815,2871.151721781,3004.102051026
2024-05-02 00:00:00.000,USDC-OP,0x2fbc7f425d5fe4dedcff77b45afaf7ac113e9662,2.703938966,2.719881748
2024-05-03 00:00:00.000,USDC-IPT,0xbd3b26a214734c12d3dc7fc3e22b91226a7c1517,0.02914948126,0.02914948126
2024-05-03 00:00:00.000,WETH-USDT,0x2f629782c58918252970ab038d3fbd16e84d5076,6508.373826331,6508.373826331
2024-05-03 00:00:00.000,USDC-WETH,0x4c43646304492a925e335f2b6d840c1489f17815,2958.47923962,3159.555908821
2024-05-03 00:00:00.000,USDC-USDT,0x6728bfc6f086801c6fdaa8a3689ff498ed071704,0.9929788399,1.009881457
2024-05-04 00:00:00.000,USDC-WETH,0x4c43646304492a925e335f2b6d840c1489f17815,3084.542271136,3144.372186093
2024-05-04 00:00:00.000,USDC-OP,0x2fbc7f425d5fe4dedcff77b45afaf7ac113e9662,2.824653282,3.039594753
2024-05-04 00:00:00.000,USDC-USDT,0x6728bfc6f086801c6fdaa8a3689ff498ed071704,0.9999354422,0.9999354422
2024-05-04 00:00:00.000,WETH-USDT,0x2f629782c58918252970ab038d3fbd16e84d5076,3104.6,3121.641791045
2024-05-05 00:00:00.000,USDC-OP,0x2fbc7f425d5fe4dedcff77b45afaf7ac113e9662,2.849519228,2.906049817
2024-05-05 00:00:00.000,USDC-WETH,0x4c43646304492a925e335f2b6d840c1489f17815,3073.100782214,3146.773386693
2024-05-05 00:00:00.000,WETH-USDT,0x2f629782c58918252970ab038d3fbd16e84d5076,3097.02970297,3100
2024-05-05 00:00:00.000,USDC-USDT,0x6728bfc6f086801c6fdaa8a3689ff498ed071704,0.9942469391,0.9981623405
2024-05-06 00:00:00.000,USDC-WETH,0x4c43646304492a925e335f2b6d840c1489f17815,2476.333766925,3199.039584107
2024-05-06 00:00:00.000,OP-USDT,0xc36ab7527477744ab36f59af89898055d0eed4e3,2.8514,2.8514
2024-05-06 00:00:00.000,USDC-OP,0x2fbc7f425d5fe4dedcff77b45afaf7ac113e9662,2.776370154,2.859118822
2024-05-06 00:00:00.000,WETH-USDT,0x2f629782c58918252970ab038d3fbd16e84d5076,3130.024456413,3172.197087882
2024-05-06 00:00:00.000,USDC-USDT,0x6728bfc6f086801c6fdaa8a3689ff498ed071704,0.9935607555,1.004059111
2024-05-07 00:00:00.000,WETH-USDT,0x2f629782c58918252970ab038d3fbd16e84d5076,3017.538506686,3110.840098418
2024-05-07 00:00:00.000,USDC-USDT,0x6728bfc6f086801c6fdaa8a3689ff498ed071704,0.9833138566,1.012793298
2024-05-07 00:00:00.000,USDC-WETH,0x4c43646304492a925e335f2b6d840c1489f17815,3002.270395351,3127.205686187
2024-05-07 00:00:00.000,USDC-OP,0x2fbc7f425d5fe4dedcff77b45afaf7ac113e9662,2.635055935,2.749559471
2024-05-08 00:00:00.000,USDC-WETH,0x4c43646304492a925e335f2b6d840c1489f17815,2446.3975,3028.679075766
2024-05-08 00:00:00.000,WETH-USDT,0x2f629782c58918252970ab038d3fbd16e84d5076,3035.254237288,3035.254237288
2024-05-08 00:00:00.000,USDC-USDT,0x6728bfc6f086801c6fdaa8a3689ff498ed071704,0.9938916431,1.002239186
2024-05-08 00:00:00.000,USDC-OP,0x2fbc7f425d5fe4dedcff77b45afaf7ac113e9662,2.585991274,2.656017749
2024-05-09 00:00:00.000,USDC-USDT,0x6728bfc6f086801c6fdaa8a3689ff498ed071704,0.9925093633,1.002
2024-05-09 00:00:00.000,USDC-USDT,0x023fd380740d636dee320deaa19b75e377c688b7,0.98076,0.98076
2024-05-09 00:00:00.000,USDC-WETH,0x4c43646304492a925e335f2b6d840c1489f17815,2792.350546581,3028.385129399
2024-05-09 00:00:00.000,USDC-OP,0x2fbc7f425d5fe4dedcff77b45afaf7ac113e9662,2.571183041,2.571183041
2024-05-09 00:00:00.000,WETH-USDT,0x2f629782c58918252970ab038d3fbd16e84d5076,2993.451294166,2993.451294166
2024-05-10 00:00:00.000,WETH-USDT,0x2f629782c58918252970ab038d3fbd16e84d5076,2906.881516805,3069.07
2024-05-10 00:00:00.000,USDC-USDT,0x6728bfc6f086801c6fdaa8a3689ff498ed071704,0.9913242009,0.9955183164
2024-05-10 00:00:00.000,USDC-WETH,0x4c43646304492a925e335f2b6d840c1489f17815,2889.204586634,3043.979355854
2024-05-10 00:00:00.000,USDC-OP,0x2fbc7f425d5fe4dedcff77b45afaf7ac113e9662,2.52149,2.644810415
2024-05-11 00:00:00.000,USDC-USDT,0x6728bfc6f086801c6fdaa8a3689ff498ed071704,0.9857656489,1.005508794
2024-05-11 00:00:00.000,USDC-WETH,0x4c43646304492a925e335f2b6d840c1489f17815,2893.457586567,2927.263631816
2024-05-11 00:00:00.000,WETH-USDT,0x2f629782c58918252970ab038d3fbd16e84d5076,2917.655987452,2935.826700122
2024-05-11 00:00:00.000,USDC-OP,0x2fbc7f425d5fe4dedcff77b45afaf7ac113e9662,2.4962,2.4962
2024-05-12 00:00:00.000,USDC-WETH,0x4c43646304492a925e335f2b6d840c1489f17815,2912.091613805,2942.125
2024-05-12 00:00:00.000,USDC-USDT,0x6728bfc6f086801c6fdaa8a3689ff498ed071704,1.001940805,1.00202977
2024-05-12 00:00:00.000,WETH-USDT,0x2f629782c58918252970ab038d3fbd16e84d5076,2994.895006475,2994.895006475
2024-05-13 00:00:00.000,WETH-USDT,0x2f629782c58918252970ab038d3fbd16e84d5076,2912.09,2992.869126276
2024-05-13 00:00:00.000,USDC-WETH,0x4c43646304492a925e335f2b6d840c1489f17815,2892.384,2984.62932953
2024-05-13 00:00:00.000,USDC-USDT,0x6728bfc6f086801c6fdaa8a3689ff498ed071704,0.9879329978,1.009771324
2024-05-13 00:00:00.000,USDC-OP,0x2fbc7f425d5fe4dedcff77b45afaf7ac113e9662,2.489844922,2.489844922
2024-05-14 00:00:00.000,USDC-WETH,0x4c43646304492a925e335f2b6d840c1489f17815,2853.129989295,2934.861390824
2024-05-14 00:00:00.000,WETH-USDT,0x2f629782c58918252970ab038d3fbd16e84d5076,2889.777816637,2931.072988509
2024-05-14 00:00:00.000,USDC-OP,0x2fbc7f425d5fe4dedcff77b45afaf7ac113e9662,2.454727288,2.454727288
2024-05-14 00:00:00.000,USDC-USDT,0x6728bfc6f086801c6fdaa8a3689ff498ed071704,0.9988961119,0.9988961119
2024-05-15 00:00:00.000,USDC-USDT,0x6728bfc6f086801c6fdaa8a3689ff498ed071704,0.994833255,0.994833255
2024-05-15 00:00:00.000,USDC-OP,0x2fbc7f425d5fe4dedcff77b45afaf7ac113e9662,2.363675,2.451598122
2024-05-15 00:00:00.000,USDC-WETH,0x4c43646304492a925e335f2b6d840c1489f17815,2873.753449274,3018.566064364
2024-05-15 00:00:00.000,OP-USDT,0xc36ab7527477744ab36f59af89898055d0eed4e3,2.5589,2.5589
2024-05-15 00:00:00.000,WETH-USDT,0x2f629782c58918252970ab038d3fbd16e84d5076,2875.54674391,2930.832383565
2024-05-16 00:00:00.000,USDC-WETH,0x4c43646304492a925e335f2b6d840c1489f17815,2929.047065007,3027
2024-05-16 00:00:00.000,USDC-USDT,0x6728bfc6f086801c6fdaa8a3689ff498ed071704,0.96116,1.023153113
2024-05-16 00:00:00.000,USDC-OP,0x2fbc7f425d5fe4dedcff77b45afaf7ac113e9662,2.178508715,2.443464874
2024-05-16 00:00:00.000,USDC-IPT,0xbd3b26a214734c12d3dc7fc3e22b91226a7c1517,0.02927122849,0.03715893708
2024-05-16 00:00:00.000,WETH-USDT,0x2f629782c58918252970ab038d3fbd16e84d5076,2994,10460.119155398
2024-05-17 00:00:00.000,USDC-USDT,0x6728bfc6f086801c6fdaa8a3689ff498ed071704,0.95924,1.026726381
2024-05-17 00:00:00.000,WETH-USDT,0x2f629782c58918252970ab038d3fbd16e84d5076,3066.3,3066.3
2024-05-17 00:00:00.000,USDC-OP,0x2fbc7f425d5fe4dedcff77b45afaf7ac113e9662,2.361445959,2.585073034
2024-05-17 00:00:00.000,USDC-WETH,0x4c43646304492a925e335f2b6d840c1489f17815,3017.998729809,3092.042279734
2024-05-18 00:00:00.000,USDC-OP,0x2fbc7f425d5fe4dedcff77b45afaf7ac113e9662,2.55190095,2.569641361
2024-05-18 00:00:00.000,USDC-USDT,0x023fd380740d636dee320deaa19b75e377c688b7,0.9991481481,0.9991481481
2024-05-18 00:00:00.000,WETH-USDT,0x2f629782c58918252970ab038d3fbd16e84d5076,3070.612244898,3104.055555556
2024-05-18 00:00:00.000,USDC-WETH,0x4c43646304492a925e335f2b6d840c1489f17815,3089.793204723,3121.9
2024-05-19 00:00:00.000,WETH-USDT,0x2f629782c58918252970ab038d3fbd16e84d5076,3953.334371687,3953.334371687
2024-05-19 00:00:00.000,USDC-USDT,0x6728bfc6f086801c6fdaa8a3689ff498ed071704,0.992,1.000194054
2024-05-19 00:00:00.000,USDC-WETH,0x4c43646304492a925e335f2b6d840c1489f17815,3063.982448383,3124.162081041
2024-05-19 00:00:00.000,USDC-OP,0x2fbc7f425d5fe4dedcff77b45afaf7ac113e9662,2.463603938,2.534607988
2024-05-20 00:00:00.000,OP-USDT,0xc36ab7527477744ab36f59af89898055d0eed4e3,2.403719429,2.403719429
2024-05-20 00:00:00.000,USDC-WETH,0x4c43646304492a925e335f2b6d840c1489f17815,3057.678779813,3656.443496095
2024-05-20 00:00:00.000,USDC-OP,0x2fbc7f425d5fe4dedcff77b45afaf7ac113e9662,2.51412599,2.520830865
2024-05-21 00:00:00.000,WETH-USDT,0x2f629782c58918252970ab038d3fbd16e84d5076,3828,3828
2024-05-21 00:00:00.000,USDC-WETH,0x4c43646304492a925e335f2b6d840c1489f17815,3641.845454545,3781.97395843
2024-05-21 00:00:00.000,USDC-USDT,0x6728bfc6f086801c6fdaa8a3689ff498ed071704,0.945,1.05793704
2024-05-22 00:00:00.000,USDC-WETH,0x4c43646304492a925e335f2b6d840c1489f17815,3400.449577655,3785.716165311
2024-05-22 00:00:00.000,WETH-USDT,0x2f629782c58918252970ab038d3fbd16e84d5076,3646.227679866,3812.666666667
2024-05-22 00:00:00.000,USDC-USDT,0x6728bfc6f086801c6fdaa8a3689ff498ed071704,0.96,1.030047739
2024-05-22 00:00:00.000,USDC-OP,0x2fbc7f425d5fe4dedcff77b45afaf7ac113e9662,2.646004534,2.842465944
2024-05-23 00:00:00.000,USDC-USDT,0x6728bfc6f086801c6fdaa8a3689ff498ed071704,0.9971530653,1.029411765
2024-05-23 00:00:00.000,USDC-OP,0x2fbc7f425d5fe4dedcff77b45afaf7ac113e9662,2.640535465,2.786607379
2024-05-23 00:00:00.000,USDC-IPT,0xbd3b26a214734c12d3dc7fc3e22b91226a7c1517,0.03233986877,0.03556587161
2024-05-23 00:00:00.000,USDC-WETH,0x4c43646304492a925e335f2b6d840c1489f17815,3717.277046784,3887.966467643
2024-05-23 00:00:00.000,WETH-USDT,0x2f629782c58918252970ab038d3fbd16e84d5076,3774.456858245,3821.85
2024-05-24 00:00:00.000,USDC-OP,0x2fbc7f425d5fe4dedcff77b45afaf7ac113e9662,2.513757884,2.663426113
2024-05-24 00:00:00.000,USDC-WETH,0x4c43646304492a925e335f2b6d840c1489f17815,3658.393648518,3815.62582644
2024-05-24 00:00:00.000,WETH-USDT,0x2f629782c58918252970ab038d3fbd16e84d5076,3716.4,3716.4
2024-05-24 00:00:00.000,USDC-USDT,0x6728bfc6f086801c6fdaa8a3689ff498ed071704,0.992698286,1.004602209
2024-05-24 00:00:00.000,USDC-USDT,0x023fd380740d636dee320deaa19b75e377c688b7,0.9585338641,0.9585338641
2024-05-25 00:00:00.000,USDC-WETH,0x4c43646304492a925e335f2b6d840c1489f17815,3736.499731227,3770.854271357
2024-05-25 00:00:00.000,USDC-USDT,0x6728bfc6f086801c6fdaa8a3689ff498ed071704,0.9999608212,0.9999608212
2024-05-25 00:00:00.000,USDC-IPT,0xbd3b26a214734c12d3dc7fc3e22b91226a7c1517,0.03551144719,0.03551144719
2024-05-26 00:00:00.000,USDC-OP,0x2fbc7f425d5fe4dedcff77b45afaf7ac113e9662,2.528184692,2.528184692
2024-05-26 00:00:00.000,USDC-USDT,0x6728bfc6f086801c6fdaa8a3689ff498ed071704,0.9855769231,0.9952176088
2024-05-26 00:00:00.000,WETH-USDT,0x2f629782c58918252970ab038d3fbd16e84d5076,3843.489148581,3843.489148581
2024-05-26 00:00:00.000,USDC-WETH,0x4c43646304492a925e335f2b6d840c1489f17815,3726.290015872,3857.989600861
2024-05-27 00:00:00.000,USDC-WETH,0x4c43646304492a925e335f2b6d840c1489f17815,3820.430951455,3948.00827413
2024-05-27 00:00:00.000,USDC-OP,0x2fbc7f425d5fe4dedcff77b45afaf7ac113e9662,2.557309419,2.616008004
2024-05-27 00:00:00.000,USDC-USDT,0x6728bfc6f086801c6fdaa8a3689ff498ed071704,1.002896552,1.00673777
2024-05-27 00:00:00.000,WETH-USDT,0x2f629782c58918252970ab038d3fbd16e84d5076,3879.5,3879.5
2024-05-28 00:00:00.000,USDC-USDT,0x023fd380740d636dee320deaa19b75e377c688b7,0.9520625,0.9520625
2024-05-28 00:00:00.000,USDC-WETH,0x4c43646304492a925e335f2b6d840c1489f17815,3777.338032897,3886.365043141
2024-05-28 00:00:00.000,USDC-OP,0x2fbc7f425d5fe4dedcff77b45afaf7ac113e9662,2.523552578,2.523552578
2024-05-28 00:00:00.000,USDC-USDT,0x6728bfc6f086801c6fdaa8a3689ff498ed071704,0.99481,0.99481
2024-05-28 00:00:00.000,WETH-USDT,0x2f629782c58918252970ab038d3fbd16e84d5076,3877.370194386,3895.381190874
2024-05-29 00:00:00.000,USDC-WETH,0x4c43646304492a925e335f2b6d840c1489f17815,3742.84857187,3859.926149715
2024-05-29 00:00:00.000,WETH-USDT,0x2f629782c58918252970ab038d3fbd16e84d5076,3768.683598904,3903.875
2024-05-29 00:00:00.000,USDC-USDT,0x6728bfc6f086801c6fdaa8a3689ff498ed071704,0.99919,0.99919
2024-05-29 00:00:00.000,USDC-OP,0x2fbc7f425d5fe4dedcff77b45afaf7ac113e9662,2.51588,2.530209455
2024-05-30 00:00:00.000,WETH-USDT,0x2f629782c58918252970ab038d3fbd16e84d5076,3724.428571429,3763.709677419
2024-05-30 00:00:00.000,USDC-IPT,0xbd3b26a214734c12d3dc7fc3e22b91226a7c1517,0.03553653673,0.03553653673
2024-05-30 00:00:00.000,USDC-WETH,0x4c43646304492a925e335f2b6d840c1489f17815,3716.836,3780.002120465
2024-05-30 00:00:00.000,USDC-OP,0x2fbc7f425d5fe4dedcff77b45afaf7ac113e9662,2.468651692,2.49886
2024-05-30 00:00:00.000,WETH-DAI,0xaba4c3652f212e8006e52fbd5547a12b86390003,3773.167748197,3773.167748197
2024-05-31 00:00:00.000,WETH-USDT,0x2f629782c58918252970ab038d3fbd16e84d5076,3751.551393433,3778.396599736
2024-05-31 00:00:00.000,OP-USDT,0xc36ab7527477744ab36f59af89898055d0eed4e3,2.476490667,2.476490667
2024-05-31 00:00:00.000,WETH-DAI,0xaba4c3652f212e8006e52fbd5547a12b86390003,3767.376331023,8040.587286215
2024-05-31 00:00:00.000,USDC-OP,0x2fbc7f425d5fe4dedcff77b45afaf7ac113e9662,2.460641196,2.492151167
2024-05-31 00:00:00.000,USDC-WETH,0x4c43646304492a925e335f2b6d840c1489f17815,3722.702646308,3814.285714286
2024-06-01 00:00:00.000,USDC-OP,0x2fbc7f425d5fe4dedcff77b45afaf7ac113e9662,2.472501482,2.472501482
2024-06-01 00:00:00.000,USDC-WETH,0x4c43646304492a925e335f2b6d840c1489f17815,3776.927856964,3791
2024-06-01 00:00:00.000,WETH-USDT,0x2f629782c58918252970ab038d3fbd16e84d5076,3777,3797.6
2024-06-02 00:00:00.000,USDC-USDT,0x023fd380740d636dee320deaa19b75e377c688b7,0.992033669,0.992033669
2024-06-02 00:00:00.000,USDC-WETH,0x4c43646304492a925e335f2b6d840c1489f17815,3758.5,3807.8
2024-06-02 00:00:00.000,USDC-USDT,0x6728bfc6f086801c6fdaa8a3689ff498ed071704,0.9970018637,1.0006
2024-06-02 00:00:00.000,WETH-USDT,0x2f629782c58918252970ab038d3fbd16e84d5076,3779.152821372,3801
2024-06-02 00:00:00.000,USDC-OP,0x2fbc7f425d5fe4dedcff77b45afaf7ac113e9662,2.423761994,2.476875
2024-06-03 00:00:00.000,USDC-OP,0x2fbc7f425d5fe4dedcff77b45afaf7ac113e9662,2.41674,2.433919136
2024-06-03 00:00:00.000,WETH-USDT,0x2f629782c58918252970ab038d3fbd16e84d5076,3794.7,3794.7
2024-06-03 00:00:00.000,USDC-WETH,0x4c43646304492a925e335f2b6d840c1489f17815,3749.970187822,3825.049262162
2024-06-03 00:00:00.000,USDC-USDT,0x6728bfc6f086801c6fdaa8a3689ff498ed071704,0.9819094426,0.9945689589
2024-06-04 00:00:00.000,USDC-USDT,0x6728bfc6f086801c6fdaa8a3689ff498ed071704,1.012471526,1.012471526
2024-06-04 00:00:00.000,USDC-WETH,0x4c43646304492a925e335f2b6d840c1489f17815,3287.37550598,3814.661274014
2024-06-04 00:00:00.000,WETH-DAI,0xaba4c3652f212e8006e52fbd5547a12b86390003,3858.892196176,3858.892196176
2024-06-04 00:00:00.000,WETH-USDT,0x2f629782c58918252970ab038d3fbd16e84d5076,3754,3769.2
2024-06-04 00:00:00.000,USDC-OP,0x2fbc7f425d5fe4dedcff77b45afaf7ac113e9662,2.395731935,2.395731935
2024-06-05 00:00:00.000,USDC-WETH,0x4c43646304492a925e335f2b6d840c1489f17815,3766.666666667,3861.930965483
2024-06-05 00:00:00.000,USDC-IPT,0xbd3b26a214734c12d3dc7fc3e22b91226a7c1517,0.04259343157,0.04259343157
2024-06-05 00:00:00.000,USDC-USDT,0x6728bfc6f086801c6fdaa8a3689ff498ed071704,1.009822362,1.009822362
2024-06-05 00:00:00.000,WETH-USDT,0x2f629782c58918252970ab038d3fbd16e84d5076,3682.303571429,3970.171428571
2024-06-06 00:00:00.000,USDC-OP,0x2fbc7f425d5fe4dedcff77b45afaf7ac113e9662,2.4988661,2.51885943
2024-06-06 00:00:00.000,USDC-IPT,0xbd3b26a214734c12d3dc7fc3e22b91226a7c1517,0.03553244269,0.04129637294
2024-06-06 00:00:00.000,USDC-WETH,0x4c43646304492a925e335f2b6d840c1489f17815,3780.85,3882.26011046
2024-06-06 00:00:00.000,USDC-USDT,0x6728bfc6f086801c6fdaa8a3689ff498ed071704,0.9983993597,1.006423212
2024-06-06 00:00:00.000,WETH-USDT,0x2f629782c58918252970ab038d3fbd16e84d5076,3895.6,3895.6
2024-06-07 00:00:00.000,OP-USDT,0xc36ab7527477744ab36f59af89898055d0eed4e3,2.353835673,2.353835673
2024-06-07 00:00:00.000,WETH-DAI,0xaba4c3652f212e8006e52fbd5547a12b86390003,3798.336054156,3828.406069011
2024-06-07 00:00:00.000,WETH-USDT,0x2f629782c58918252970ab038d3fbd16e84d5076,3827.724093043,3866.096312139
2024-06-07 00:00:00.000,USDC-USDT,0x6728bfc6f086801c6fdaa8a3689ff498ed071704,0.9800588235,0.9800588235
2024-06-07 00:00:00.000,USDC-OP,0x2fbc7f425d5fe4dedcff77b45afaf7ac113e9662,2.265853829,2.493556811
2024-06-07 00:00:00.000,USDC-WETH,0x4c43646304492a925e335f2b6d840c1489f17815,3629.065033784,3814.548176975
2024-06-07 00:00:00.000,USDC-IPT,0xbd3b26a214734c12d3dc7fc3e22b91226a7c1517,0.03963358894,0.03963358894
2024-06-08 00:00:00.000,USDC-WETH,0x4c43646304492a925e335f2b6d840c1489f17815,3656.512614455,3700.750128025
2024-06-08 00:00:00.000,WETH-DAI,0xaba4c3652f212e8006e52fbd5547a12b86390003,3760.632078236,3760.632078236
2024-06-08 00:00:00.000,WETH-USDT,0x2f629782c58918252970ab038d3fbd16e84d5076,3567.984640674,3705.480637756
2024-06-08 00:00:00.000,USDC-USDT,0x6728bfc6f086801c6fdaa8a3689ff498ed071704,0.9090909091,1.03030303
2024-06-08 00:00:00.000,USDC-OP,0x2fbc7f425d5fe4dedcff77b45afaf7ac113e9662,2.192216108,2.250981408
2024-06-09 00:00:00.000,USDC-USDT,0x6728bfc6f086801c6fdaa8a3689ff498ed071704,0.997322298,0.997322298
2024-06-09 00:00:00.000,USDC-WETH,0x4c43646304492a925e335f2b6d840c1489f17815,3644.9,3704.829478623
2024-06-09 00:00:00.000,USDC-OP,0x2fbc7f425d5fe4dedcff77b45afaf7ac113e9662,2.177198493,2.292035982
2024-06-09 00:00:00.000,WETH-USDT,0x2f629782c58918252970ab038d3fbd16e84d5076,3724.308510638,3724.308510638
2024-06-10 00:00:00.000,WETH-USDT,0x2f629782c58918252970ab038d3fbd16e84d5076,3628.433249087,3785.94572611
2024-06-10 00:00:00.000,USDC-WETH,0x4c43646304492a925e335f2b6d840c1489f17815,3642.803643364,3706.1
2024-06-10 00:00:00.000,USDC-OP,0x2fbc7f425d5fe4dedcff77b45afaf7ac113e9662,2.186369284,2.203259984
2024-06-10 00:00:00.000,WETH-DAI,0xaba4c3652f212e8006e52fbd5547a12b86390003,3689.44856999,3689.44856999
2024-06-10 00:00:00.000,USDC-USDT,0x6728bfc6f086801c6fdaa8a3689ff498ed071704,0.9937823196,0.9970157352
2024-06-11 00:00:00.000,WETH-USDT,0x2f629782c58918252970ab038d3fbd16e84d5076,3491.8613062,3656.27386236
2024-06-11 00:00:00.000,USDC-WETH,0x4c43646304492a925e335f2b6d840c1489f17815,3407.960667819,3647.238851558
2024-06-11 00:00:00.000,USDC-USDT,0x6728bfc6f086801c6fdaa8a3689ff498ed071704,0.9855684273,1.00283
2024-06-11 00:00:00.000,WETH-DAI,0xaba4c3652f212e8006e52fbd5547a12b86390003,3629.648135567,3629.648135567
2024-06-11 00:00:00.000,USDC-OP,0x2fbc7f425d5fe4dedcff77b45afaf7ac113e9662,2.07078,2.14234
2024-06-12 00:00:00.000,WETH-USDT,0x2f629782c58918252970ab038d3fbd16e84d5076,3548.272162407,3614.7
2024-06-12 00:00:00.000,USDC-WETH,0x4c43646304492a925e335f2b6d840c1489f17815,3474.587569279,3627.350365906
2024-06-12 00:00:00.000,USDC-USDT,0x6728bfc6f086801c6fdaa8a3689ff498ed071704,0.9886363636,1.003504907
2024-06-12 00:00:00.000,OP-USDT,0xc36ab7527477744ab36f59af89898055d0eed4e3,2.2414,2.2414
2024-06-12 00:00:00.000,USDC-OP,0x2fbc7f425d5fe4dedcff77b45afaf7ac113e9662,2.074655052,2.187829189
2024-06-13 00:00:00.000,USDC-IPT,0xbd3b26a214734c12d3dc7fc3e22b91226a7c1517,0.04357143997,0.04438847491
2024-06-13 00:00:00.000,WETH-DAI,0xaba4c3652f212e8006e52fbd5547a12b86390003,3486.822799525,3594.231334361
2024-06-13 00:00:00.000,USDC-WETH,0x4c43646304492a925e335f2b6d840c1489f17815,3426.61689353,3544.183436932
2024-06-13 00:00:00.000,USDC-OP,0x2fbc7f425d5fe4dedcff77b45afaf7ac113e9662,2.00335,2.118317423
2024-06-13 00:00:00.000,OP-USDT,0xc36ab7527477744ab36f59af89898055d0eed4e3,2.1094,2.1094
2024-06-13 00:00:00.000,USDC-USDT,0x6728bfc6f086801c6fdaa8a3689ff498ed071704,0.9926531812,1.002001001
2024-06-13 00:00:00.000,WETH-USDT,0x2f629782c58918252970ab038d3fbd16e84d5076,3458.972378033,3548.997236379
2024-06-14 00:00:00.000,USDC-WETH,0x4c43646304492a925e335f2b6d840c1489f17815,3374.059012544,3505.931207159
2024-06-14 00:00:00.000,USDC-OP,0x2fbc7f425d5fe4dedcff77b45afaf7ac113e9662,1.911245623,2.03099174
2024-06-14 00:00:00.000,OP-USDT,0xc36ab7527477744ab36f59af89898055d0eed4e3,1.989994997,1.989994997
2024-06-14 00:00:00.000,USDC-USDT,0x6728bfc6f086801c6fdaa8a3689ff498ed071704,0.9896893545,1.005502751
2024-06-14 00:00:00.000,WETH-USDT,0x2f629782c58918252970ab038d3fbd16e84d5076,3399.612736285,3489.591959001
2024-06-14 00:00:00.000,WETH-DAI,0xaba4c3652f212e8006e52fbd5547a12b86390003,3449.094918335,3449.094918335
2024-06-14 00:00:00.000,USDC-IPT,0xbd3b26a214734c12d3dc7fc3e22b91226a7c1517,0.04147027907,0.04147027907
2024-06-15 00:00:00.000,USDC-USDT,0x6728bfc6f086801c6fdaa8a3689ff498ed071704,0.9957543164,0.9987995198
2024-06-15 00:00:00.000,USDC-IPT,0xbd3b26a214734c12d3dc7fc3e22b91226a7c1517,0.03884300327,0.03884300327
2024-06-15 00:00:00.000,WETH-USDT,0x2f629782c58918252970ab038d3fbd16e84d5076,3557.1,3559.137937964
2024-06-15 00:00:00.000,USDC-OP,0x2fbc7f425d5fe4dedcff77b45afaf7ac113e9662,2.038026724,2.062831416
2024-06-15 00:00:00.000,USDC-WETH,0x4c43646304492a925e335f2b6d840c1489f17815,3471.268138702,3565.165172144
2024-06-16 00:00:00.000,USDC-USDT,0x6728bfc6f086801c6fdaa8a3689ff498ed071704,0.9951314508,0.9981314232
2024-06-16 00:00:00.000,USDC-OP,0x2fbc7f425d5fe4dedcff77b45afaf7ac113e9662,2.041219268,2.090472462
2024-06-16 00:00:00.000,WETH-DAI,0xaba4c3652f212e8006e52fbd5547a12b86390003,3574.710196014,3574.710196014
2024-06-16 00:00:00.000,WETH-USDT,0x2f629782c58918252970ab038d3fbd16e84d5076,3623.024490337,3642.611950459
2024-06-16 00:00:00.000,USDC-WETH,0x4c43646304492a925e335f2b6d840c1489f17815,3547.7,3622.201575308
2024-06-16 00:00:00.000,OP-USDT,0xc36ab7527477744ab36f59af89898055d0eed4e3,2.129,2.129
2024-06-17 00:00:00.000,USDC-USDT,0x6728bfc6f086801c6fdaa8a3689ff498ed071704,0.995,0.9951219512
2024-06-17 00:00:00.000,WETH-DAI,0xaba4c3652f212e8006e52fbd5547a12b86390003,3539.97873035,3624.692579557
2024-06-17 00:00:00.000,USDC-OP,0x2fbc7f425d5fe4dedcff77b45afaf7ac113e9662,1.964582291,2.070889736
2024-06-17 00:00:00.000,USDC-WETH,0x4c43646304492a925e335f2b6d840c1489f17815,3495.188,3608.950111488
2024-06-17 00:00:00.000,WETH-USDT,0x2f629782c58918252970ab038d3fbd16e84d5076,3519.122005376,3599.82
2024-06-18 00:00:00.000,USDC-IPT,0xbd3b26a214734c12d3dc7fc3e22b91226a7c1517,0.03643419,0.03643419
2024-06-18 00:00:00.000,OP-USDT,0xc36ab7527477744ab36f59af89898055d0eed4e3,2.076791513,2.076791513
2024-06-18 00:00:00.000,USDC-USDT,0x6728bfc6f086801c6fdaa8a3689ff498ed071704,0.986562821,0.9950729208
2024-06-18 00:00:00.000,USDC-OP,0x2fbc7f425d5fe4dedcff77b45afaf7ac113e9662,1.753586667,1.924840351
2024-06-18 00:00:00.000,WETH-DAI,0xaba4c3652f212e8006e52fbd5547a12b86390003,3498.482937229,3498.482937229
2024-06-18 00:00:00.000,WETH-USDT,0x2f629782c58918252970ab038d3fbd16e84d5076,3366.601029479,3498.42
2024-06-18 00:00:00.000,USDC-WETH,0x4c43646304492a925e335f2b6d840c1489f17815,3373.144562659,3497.503719573
2024-06-19 00:00:00.000,WETH-USDT,0x2f629782c58918252970ab038d3fbd16e84d5076,3406.35847966,3660.005128708
2024-06-19 00:00:00.000,USDT-VELO,0xef456abff94babd69cb07c19467aee550e6fddc2,0.1150788713,0.119880362
2024-06-19 00:00:00.000,USDC-OP,0x2fbc7f425d5fe4dedcff77b45afaf7ac113e9662,1.842147773,2.029073384
2024-06-19 00:00:00.000,USDC-USDT,0x6728bfc6f086801c6fdaa8a3689ff498ed071704,1,1.006850601
2024-06-19 00:00:00.000,USDC-IPT,0xbd3b26a214734c12d3dc7fc3e22b91226a7c1517,0.0350547122,0.0350547122
2024-06-19 00:00:00.000,USDC-WETH,0x4c43646304492a925e335f2b6d840c1489f17815,3501.994418595,3556.998
2024-06-20 00:00:00.000,USDT-VELO,0xef456abff94babd69cb07c19467aee550e6fddc2,0.1070694714,0.1108841218
2024-06-20 00:00:00.000,USDC-WETH,0x4c43646304492a925e335f2b6d840c1489f17815,3439.888222561,3702.488785597
2024-06-20 00:00:00.000,WETH-USDT,0x2f629782c58918252970ab038d3fbd16e84d5076,3331.25967154,3842.4
2024-06-20 00:00:00.000,USDC-USDT,0x6728bfc6f086801c6fdaa8a3689ff498ed071704,0.9860070556,1.004433412
2024-06-20 00:00:00.000,OP-USDT,0xc36ab7527477744ab36f59af89898055d0eed4e3,1.94566237,1.94566237
2024-06-20 00:00:00.000,USDC-OP,0x2fbc7f425d5fe4dedcff77b45afaf7ac113e9662,1.80137,1.964941766
2024-06-21 00:00:00.000,USDC-WETH,0x4c43646304492a925e335f2b6d840c1489f17815,3447.621502735,3538.183333333
2024-06-21 00:00:00.000,USDT-VELO,0xef456abff94babd69cb07c19467aee550e6fddc2,0.1031074294,0.1039394777
2024-06-21 00:00:00.000,USDC-USDT,0x6728bfc6f086801c6fdaa8a3689ff498ed071704,0.9868090006,1.009470672
2024-06-21 00:00:00.000,USDC-IPT,0xbd3b26a214734c12d3dc7fc3e22b91226a7c1517,0.03354126907,0.03354126907
2024-06-21 00:00:00.000,OP-USDT,0xc36ab7527477744ab36f59af89898055d0eed4e3,2.001143211,2.138476139
2024-06-21 00:00:00.000,WETH-USDT,0x2f629782c58918252970ab038d3fbd16e84d5076,3329.245986436,3650.389290006
2024-06-21 00:00:00.000,WETH-DAI,0xaba4c3652f212e8006e52fbd5547a12b86390003,3547.159327632,3566.97237508
2024-06-22 00:00:00.000,OP-USDT,0xc36ab7527477744ab36f59af89898055d0eed4e3,1.8353,1.8353
2024-06-22 00:00:00.000,WETH-USDT,0x2f629782c58918252970ab038d3fbd16e84d5076,3379.043064607,3540.39
2024-06-22 00:00:00.000,USDT-VELO,0xef456abff94babd69cb07c19467aee550e6fddc2,0.1013288705,0.1013288705
2024-06-22 00:00:00.000,WETH-DAI,0xaba4c3652f212e8006e52fbd5547a12b86390003,3528.604512066,3528.604512066
2024-06-22 00:00:00.000,USDC-OP,0x2fbc7f425d5fe4dedcff77b45afaf7ac113e9662,1.803840764,1.803840764
2024-06-22 00:00:00.000,USDC-WETH,0x4c43646304492a925e335f2b6d840c1489f17815,3448.482608696,3517.287800687
2024-06-23 00:00:00.000,USDC-OP,0x2fbc7f425d5fe4dedcff77b45afaf7ac113e9662,1.743984054,1.816815385
2024-06-23 00:00:00.000,USDC-WETH,0x4c43646304492a925e335f2b6d840c1489f17815,3356.328264031,3517
2024-06-23 00:00:00.000,USDC-USDT,0x6728bfc6f086801c6fdaa8a3689ff498ed071704,0.9871967605,0.9871967605
2024-06-23 00:00:00.000,WETH-USDT,0x2f629782c58918252970ab038d3fbd16e84d5076,3498.384604596,3547.610137854
2024-06-24 00:00:00.000,WETH-USDT,0x2f629782c58918252970ab038d3fbd16e84d5076,3271.982614207,3468.167157918
2024-06-24 00:00:00.000,USDC-OP,0x2fbc7f425d5fe4dedcff77b45afaf7ac113e9662,1.683156881,1.683156881
2024-06-24 00:00:00.000,USDC-WETH,0x4c43646304492a925e335f2b6d840c1489f17815,3241.224000509,3411.633155681
2024-06-24 00:00:00.000,USDC-USDT,0x023fd380740d636dee320deaa19b75e377c688b7,0.9773757341,0.9773757341
2024-06-24 00:00:00.000,USDT-VELO,0xef456abff94babd69cb07c19467aee550e6fddc2,0.0989652612,0.0989652612
2024-06-24 00:00:00.000,WETH-DAI,0xaba4c3652f212e8006e52fbd5547a12b86390003,3372.668224793,3455.243042993
2024-06-25 00:00:00.000,WETH-USDT,0x2f629782c58918252970ab038d3fbd16e84d5076,3272.964824121,3504.431194464
2024-06-25 00:00:00.000,USDC-USDT,0x023fd380740d636dee320deaa19b75e377c688b7,0.94612,0.94612
2024-06-25 00:00:00.000,USDT-VELO,0xef456abff94babd69cb07c19467aee550e6fddc2,0.09763975221,0.09785243348
2024-06-25 00:00:00.000,USDC-WETH,0x4c43646304492a925e335f2b6d840c1489f17815,3330.059754989,3908.426579444
2024-06-25 00:00:00.000,USDC-OP,0x2fbc7f425d5fe4dedcff77b45afaf7ac113e9662,1.74874872,1.796884116
2024-06-26 00:00:00.000,USDC-USDT,0x023fd380740d636dee320deaa19b75e377c688b7,1.005862793,1.005862793
2024-06-26 00:00:00.000,USDC-WETH,0x4c43646304492a925e335f2b6d840c1489f17815,3000,3411.583420261
2024-06-26 00:00:00.000,WETH-USDT,0x2f629782c58918252970ab038d3fbd16e84d5076,3397.233333333,3440.40201005
2024-06-26 00:00:00.000,USDT-VELO,0xef456abff94babd69cb07c19467aee550e6fddc2,0.09709685991,0.09709685991
2024-06-26 00:00:00.000,WETH-DAI,0xaba4c3652f212e8006e52fbd5547a12b86390003,3360.022435888,3360.022435888
2024-06-26 00:00:00.000,USDC-USDT,0x6728bfc6f086801c6fdaa8a3689ff498ed071704,1.010483013,1.010483013
2024-06-26 00:00:00.000,OP-USDT,0xc36ab7527477744ab36f59af89898055d0eed4e3,1.7411,1.7411
2024-06-26 00:00:00.000,USDC-OP,0x2fbc7f425d5fe4dedcff77b45afaf7ac113e9662,1.748449012,1.7638
2024-06-27 00:00:00.000,USDC-WETH,0x4c43646304492a925e335f2b6d840c1489f17815,3000,3508.987730952
2024-06-27 00:00:00.000,USDC-IPT,0xbd3b26a214734c12d3dc7fc3e22b91226a7c1517,0.03278311664,0.03323096891
2024-06-27 00:00:00.000,USDT-VELO,0xef456abff94babd69cb07c19467aee550e6fddc2,0.09445578838,0.09645914608
2024-06-27 00:00:00.000,OP-USDT,0xc36ab7527477744ab36f59af89898055d0eed4e3,1.7909,1.7909
2024-06-27 00:00:00.000,WETH-USDT,0x2f629782c58918252970ab038d3fbd16e84d5076,3386.92,4241.373571166
2024-06-27 00:00:00.000,USDC-OP,0x2fbc7f425d5fe4dedcff77b45afaf7ac113e9662,1.750790569,1.764675865
2024-06-27 00:00:00.000,USDC-USDT,0x023fd380740d636dee320deaa19b75e377c688b7,1.00152207,1.002938296
2024-06-27 00:00:00.000,USDC-aOptWETH,0x89e18e3f41787fb3d17b7f59bf5d59a12c3335a4,3706.680347326,3706.680347326
2024-06-28 00:00:00.000,USDC-aOptWETH,0x89e18e3f41787fb3d17b7f59bf5d59a12c3335a4,2210.569694597,2276.008700998
2024-06-28 00:00:00.000,WETH-DAI,0xaba4c3652f212e8006e52fbd5547a12b86390003,3405.160040639,3405.160040639
2024-06-28 00:00:00.000,USDT-VELO,0xef456abff94babd69cb07c19467aee550e6fddc2,0.09152,0.09308601559
2024-06-28 00:00:00.000,USDC-WETH,0x4c43646304492a925e335f2b6d840c1489f17815,3358.673559357,3451.703188538
2024-06-28 00:00:00.000,WETH-USDT,0x2f629782c58918252970ab038d3fbd16e84d5076,3400.7,3437.08642221
2024-06-28 00:00:00.000,USDC-OP,0x2fbc7f425d5fe4dedcff77b45afaf7ac113e9662,1.779567546,1.779567546
2024-06-28 00:00:00.000,USDC-USDT,0x023fd380740d636dee320deaa19b75e377c688b7,0.9987521448,0.9987521448
2024-06-28 00:00:00.000,USDC-USDT,0x6728bfc6f086801c6fdaa8a3689ff498ed071704,1.00202949,1.00202949
2024-06-29 00:00:00.000,USDC-USDT,0x023fd380740d636dee320deaa19b75e377c688b7,0.9939534884,0.9939534884
2024-06-29 00:00:00.000,USDC-WETH,0x4c43646304492a925e335f2b6d840c1489f17815,3373.4,3380.2
2024-06-29 00:00:00.000,WETH-USDT,0x2f629782c58918252970ab038d3fbd16e84d5076,3387.708333333,3387.708333333
2024-06-29 00:00:00.000,USDC-OP,0x2fbc7f425d5fe4dedcff77b45afaf7ac113e9662,1.759439929,1.765358277
2024-06-30 00:00:00.000,USDC-WETH,0x4c43646304492a925e335f2b6d840c1489f17815,3000,3419.607533039
2024-06-30 00:00:00.000,WETH-USDT,0x2f629782c58918252970ab038d3fbd16e84d5076,3353,3410
2024-06-30 00:00:00.000,USDC-OP,0x2fbc7f425d5fe4dedcff77b45afaf7ac113e9662,1.732713344,1.754530583
2024-06-30 00:00:00.000,USDT-VELO,0xef456abff94babd69cb07c19467aee550e6fddc2,0.09018587709,0.09018587709
2024-07-01 00:00:00.000,USDC-WETH,0x4c43646304492a925e335f2b6d840c1489f17815,3428.194024841,3489.868268826
2024-07-01 00:00:00.000,WETH-DAI,0xaba4c3652f212e8006e52fbd5547a12b86390003,3476.535011959,3492.575394002
2024-07-01 00:00:00.000,WETH-USDT,0x2f629782c58918252970ab038d3fbd16e84d5076,3483.709319898,3626.130653266
2024-07-01 00:00:00.000,USDC-IPT,0xbd3b26a214734c12d3dc7fc3e22b91226a7c1517,0.0325768038,0.0325768038
2024-07-01 00:00:00.000,USDC-OP,0x2fbc7f425d5fe4dedcff77b45afaf7ac113e9662,1.789434717,1.814651364
2024-07-02 00:00:00.000,USDT-VELO,0xef456abff94babd69cb07c19467aee550e6fddc2,0.08921787194,0.08999169415
2024-07-02 00:00:00.000,WETH-DAI,0xaba4c3652f212e8006e52fbd5547a12b86390003,3445.014889229,3445.014889229
2024-07-02 00:00:00.000,USDC-OP,0x2fbc7f425d5fe4dedcff77b45afaf7ac113e9662,1.759394789,1.770436467
2024-07-02 00:00:00.000,USDC-WETH,0x4c43646304492a925e335f2b6d840c1489f17815,3388.844221106,3444.062843225
2024-07-02 00:00:00.000,WETH-USDT,0x2f629782c58918252970ab038d3fbd16e84d5076,3376.639335736,3466.532663317
2024-07-03 00:00:00.000,OP-USDT,0xc36ab7527477744ab36f59af89898055d0eed4e3,1.782601942,1.782601942
2024-07-03 00:00:00.000,USDC-OP,0x2fbc7f425d5fe4dedcff77b45afaf7ac113e9662,1.62462513,1.754433225
2024-07-03 00:00:00.000,WETH-USDT,0x2f629782c58918252970ab038d3fbd16e84d5076,3297.1,3366.03
2024-07-03 00:00:00.000,USDT-VELO,0xef456abff94babd69cb07c19467aee550e6fddc2,0.076802,0.08859226563
2024-07-03 00:00:00.000,USDC-IPT,0xbd3b26a214734c12d3dc7fc3e22b91226a7c1517,0.03214371807,0.03214371807
2024-07-03 00:00:00.000,WETH-DAI,0xaba4c3652f212e8006e52fbd5547a12b86390003,3413.921710191,3413.921710191
2024-07-03 00:00:00.000,USDC-USDT,0x6728bfc6f086801c6fdaa8a3689ff498ed071704,0.9879881201,0.9949748744
2024-07-03 00:00:00.000,USDC-WETH,0x4c43646304492a925e335f2b6d840c1489f17815,3251.78615761,3398.684122189
2024-07-04 00:00:00.000,WETH-USDT,0x2f629782c58918252970ab038d3fbd16e84d5076,3148.2,3170.92
2024-07-04 00:00:00.000,USDC-WETH,0x4c43646304492a925e335f2b6d840c1489f17815,3106.036,3290.361790362
2024-07-04 00:00:00.000,USDC-IPT,0xbd3b26a214734c12d3dc7fc3e22b91226a7c1517,0.0344159859,0.03526903646
2024-07-04 00:00:00.000,USDC-aOptWETH,0x89e18e3f41787fb3d17b7f59bf5d59a12c3335a4,499.848723648,2268.647249445
2024-07-04 00:00:00.000,OP-USDT,0xc36ab7527477744ab36f59af89898055d0eed4e3,1.718281899,1.718281899
2024-07-04 00:00:00.000,USDC-OP,0x2fbc7f425d5fe4dedcff77b45afaf7ac113e9662,1.501978641,1.613348214
2024-07-04 00:00:00.000,WETH-DAI,0xaba4c3652f212e8006e52fbd5547a12b86390003,3245.99201755,3245.99201755
2024-07-04 00:00:00.000,USDC-USDT,0x6728bfc6f086801c6fdaa8a3689ff498ed071704,0.75,1.008
2024-07-04 00:00:00.000,USDC-WLD,0x18fc0d927d96690604dc9f32cf353ffc6404bf8e,74.710492733,74.710492733
2024-07-05 00:00:00.000,USDT-VELO,0xef456abff94babd69cb07c19467aee550e6fddc2,0.06287236247,0.06674619193
2024-07-05 00:00:00.000,WETH-USDT,0x2f629782c58918252970ab038d3fbd16e84d5076,2996.77,2996.77
2024-07-05 00:00:00.000,OP-USDT,0xc36ab7527477744ab36f59af89898055d0eed4e3,1.555073978,1.555073978
2024-07-05 00:00:00.000,USDC-USDT,0x6728bfc6f086801c6fdaa8a3689ff498ed071704,1.009647813,1.009647813
2024-07-05 00:00:00.000,WETH-DAI,0xaba4c3652f212e8006e52fbd5547a12b86390003,3049.652267354,3095.387336392
2024-07-05 00:00:00.000,USDC-WLD,0x18fc0d927d96690604dc9f32cf353ffc6404bf8e,1.8205412,2.070218755
2024-07-05 00:00:00.000,USDC-WETH,0x4c43646304492a925e335f2b6d840c1489f17815,2844.224959331,3084.071428571
2024-07-05 00:00:00.000,USDC-OP,0x2fbc7f425d5fe4dedcff77b45afaf7ac113e9662,1.29100431,1.486627129
2024-07-06 00:00:00.000,USDC-USDT,0x023fd380740d636dee320deaa19b75e377c688b7,1.042426676,1.042426676
2024-07-06 00:00:00.000,USDC-OP,0x2fbc7f425d5fe4dedcff77b45afaf7ac113e9662,1.30828,1.30828
2024-07-06 00:00:00.000,USDC-WLD,0x18fc0d927d96690604dc9f32cf353ffc6404bf8e,1.836875667,1.974921914
2024-07-06 00:00:00.000,WETH-DAI,0xaba4c3652f212e8006e52fbd5547a12b86390003,2984.112090463,2984.112090463
2024-07-06 00:00:00.000,USDT-VELO,0xef456abff94babd69cb07c19467aee550e6fddc2,0.0549878048,0.0549878048
2024-07-06 00:00:00.000,USDC-IPT,0xbd3b26a214734c12d3dc7fc3e22b91226a7c1517,0.03476330373,0.0351269025
2024-07-06 00:00:00.000,USDC-WETH,0x4c43646304492a925e335f2b6d840c1489f17815,2958.155599477,3065.025125628
2024-07-06 00:00:00.000,USDC-USDT,0x6728bfc6f086801c6fdaa8a3689ff498ed071704,0.9930965483,1.000553434
2024-07-06 00:00:00.000,WETH-USDT,0x2f629782c58918252970ab038d3fbd16e84d5076,2864.341598861,3144.146184178
2024-07-07 00:00:00.000,WETH-USDT,0x2f629782c58918252970ab038d3fbd16e84d5076,2995.75,3154.4
2024-07-07 00:00:00.000,USDC-USDT,0x6728bfc6f086801c6fdaa8a3689ff498ed071704,0.9723333333,1.016088052
2024-07-07 00:00:00.000,USDC-WLD,0x18fc0d927d96690604dc9f32cf353ffc6404bf8e,1.898787778,1.971596086
2024-07-07 00:00:00.000,USDC-WETH,0x4c43646304492a925e335f2b6d840c1489f17815,2941.510388293,3052.797445891
2024-07-07 00:00:00.000,USDC-OP,0x2fbc7f425d5fe4dedcff77b45afaf7ac113e9662,1.435394817,1.459344877
2024-07-08 00:00:00.000,USDC-WETH,0x4c43646304492a925e335f2b6d840c1489f17815,2850.647826087,3072.8
2024-07-08 00:00:00.000,WETH-USDT,0x2f629782c58918252970ab038d3fbd16e84d5076,2920.617105354,3036.03
2024-07-08 00:00:00.000,USDC-USDT,0x6728bfc6f086801c6fdaa8a3689ff498ed071704,0.9836509626,1.009223568
2024-07-08 00:00:00.000,USDC-WLD,0x18fc0d927d96690604dc9f32cf353ffc6404bf8e,1.82035463,1.897722725
2024-07-08 00:00:00.000,WETH-DAI,0xaba4c3652f212e8006e52fbd5547a12b86390003,2971.933501637,2971.933501637
2024-07-08 00:00:00.000,USDC-OP,0x2fbc7f425d5fe4dedcff77b45afaf7ac113e9662,1.398490785,1.479103878
2024-07-09 00:00:00.000,USDC-WLD,0x18fc0d927d96690604dc9f32cf353ffc6404bf8e,1.866682486,1.895776999
2024-07-09 00:00:00.000,USDC-USDT,0x6728bfc6f086801c6fdaa8a3689ff498ed071704,0.9957578789,1.005402161
2024-07-09 00:00:00.000,USDC-WETH,0x4c43646304492a925e335f2b6d840c1489f17815,3013.582481428,3090.3
2024-07-09 00:00:00.000,USDC-OP,0x2fbc7f425d5fe4dedcff77b45afaf7ac113e9662,1.501895593,1.501895593
2024-07-09 00:00:00.000,USDC-USDT,0x023fd380740d636dee320deaa19b75e377c688b7,0.9765439937,1.028334071
2024-07-09 00:00:00.000,USDC-IPT,0xbd3b26a214734c12d3dc7fc3e22b91226a7c1517,0.03313096678,0.03409455353
2024-07-10 00:00:00.000,WETH-USDT,0x2f629782c58918252970ab038d3fbd16e84d5076,3050.563064801,3202.526988689
2024-07-10 00:00:00.000,USDC-WLD,0x18fc0d927d96690604dc9f32cf353ffc6404bf8e,1.891048796,1.995875788
2024-07-10 00:00:00.000,USDC-WETH,0x4c43646304492a925e335f2b6d840c1489f17815,3041.861660207,3118.608966362
2024-07-11 00:00:00.000,USDT-VELO,0xef456abff94babd69cb07c19467aee550e6fddc2,0.06593796752,0.06593796752
2024-07-11 00:00:00.000,WETH-DAI,0xaba4c3652f212e8006e52fbd5547a12b86390003,3142.853274705,3142.853274705
2024-07-11 00:00:00.000,OP-USDT,0xc36ab7527477744ab36f59af89898055d0eed4e3,1.679816679,1.679816679
2024-07-11 00:00:00.000,USDC-WETH,0x4c43646304492a925e335f2b6d840c1489f17815,3072.492240096,3177.145177705
2024-07-11 00:00:00.000,USDC-OP,0x2fbc7f425d5fe4dedcff77b45afaf7ac113e9662,1.65734316,1.68124062
2024-07-11 00:00:00.000,USDC-IPT,0xbd3b26a214734c12d3dc7fc3e22b91226a7c1517,0.03297430472,0.03446365389
2024-07-11 00:00:00.000,USDC-USDT,0x6728bfc6f086801c6fdaa8a3689ff498ed071704,0.9,1
2024-07-11 00:00:00.000,WETH-USDT,0x2f629782c58918252970ab038d3fbd16e84d5076,3129.769170271,3168.6
2024-07-11 00:00:00.000,USDC-WLD,0x18fc0d927d96690604dc9f32cf353ffc6404bf8e,1.801455648,1.96711515
2024-07-12 00:00:00.000,USDC-aOptWETH,0x89e18e3f41787fb3d17b7f59bf5d59a12c3335a4,1977.899442093,1977.899442093
2024-07-12 00:00:00.000,OP-USDT,0xc36ab7527477744ab36f59af89898055d0eed4e3,1.7113,1.7113
2024-07-12 00:00:00.000,USDC-OP,0x2fbc7f425d5fe4dedcff77b45afaf7ac113e9662,1.65437577,1.737351029
2024-07-12 00:00:00.000,USDC-USDT,0x6728bfc6f086801c6fdaa8a3689ff498ed071704,0.992,1.000903887
2024-07-12 00:00:00.000,USDC-WETH,0x4c43646304492a925e335f2b6d840c1489f17815,3056.785951852,3134.267587747
2024-07-12 00:00:00.000,WETH-DAI,0xaba4c3652f212e8006e52fbd5547a12b86390003,3077.419545568,3139.592322057
2024-07-12 00:00:00.000,WETH-USDT,0x2f629782c58918252970ab038d3fbd16e84d5076,3082.627937965,3108
2024-07-12 00:00:00.000,USDC-WLD,0x18fc0d927d96690604dc9f32cf353ffc6404bf8e,1.759366762,1.815558579
2024-07-13 00:00:00.000,USDC-USDT,0x6728bfc6f086801c6fdaa8a3689ff498ed071704,0.9976,0.9992910315
2024-07-13 00:00:00.000,USDC-WETH,0x4c43646304492a925e335f2b6d840c1489f17815,3111.59,3201.552577314
2024-07-13 00:00:00.000,WETH-USDT,0x2f629782c58918252970ab038d3fbd16e84d5076,2879.940546821,2879.940546821
2024-07-13 00:00:00.000,USDC-WLD,0x18fc0d927d96690604dc9f32cf353ffc6404bf8e,1.788174554,1.83783948
2024-07-13 00:00:00.000,USDC-OP,0x2fbc7f425d5fe4dedcff77b45afaf7ac113e9662,1.669625,1.725229167
2024-07-13 00:00:00.000,USDC-IPT,0xbd3b26a214734c12d3dc7fc3e22b91226a7c1517,0.03390185752,0.03403563005
2024-07-14 00:00:00.000,USDC-WETH,0x4c43646304492a925e335f2b6d840c1489f17815,3064.798598949,3241.620810405
2024-07-14 00:00:00.000,USDC-USDT,0x6728bfc6f086801c6fdaa8a3689ff498ed071704,0.996,0.996
2024-07-14 00:00:00.000,USDC-WLD,0x18fc0d927d96690604dc9f32cf353ffc6404bf8e,1.818218558,1.835783707
2024-07-14 00:00:00.000,WETH-USDT,0x2f629782c58918252970ab038d3fbd16e84d5076,3263.195048508,3263.195048508
2024-07-14 00:00:00.000,USDC-OP,0x2fbc7f425d5fe4dedcff77b45afaf7ac113e9662,1.70084,1.809904952
2024-07-14 00:00:00.000,WETH-DAI,0xaba4c3652f212e8006e52fbd5547a12b86390003,3191.989895002,3191.989895002
2024-07-14 00:00:00.000,USDT-VELO,0xef456abff94babd69cb07c19467aee550e6fddc2,0.06988212884,0.07427565846
2024-07-14 00:00:00.000,USDC-IPT,0xbd3b26a214734c12d3dc7fc3e22b91226a7c1517,0.03395839175,0.03463290481
2024-07-15 00:00:00.000,USDC-OP,0x2fbc7f425d5fe4dedcff77b45afaf7ac113e9662,1.770253438,1.820867501
2024-07-15 00:00:00.000,USDC-USDT,0x6728bfc6f086801c6fdaa8a3689ff498ed071704,0.9930637351,0.9930637351
2024-07-15 00:00:00.000,WETH-USDT,0x2f629782c58918252970ab038d3fbd16e84d5076,3068.308276527,3317.699966146
2024-07-15 00:00:00.000,USDC-IPT,0xbd3b26a214734c12d3dc7fc3e22b91226a7c1517,0.0358962834,0.03785963695
2024-07-15 00:00:00.000,USDT-VELO,0xef456abff94babd69cb07c19467aee550e6fddc2,0.08227888942,0.1011116646
2024-07-15 00:00:00.000,USDC-WETH,0x4c43646304492a925e335f2b6d840c1489f17815,3238.752055417,3426.977950713
2024-07-15 00:00:00.000,OP-USDT,0xc36ab7527477744ab36f59af89898055d0eed4e3,1.807182427,1.807182427
2024-07-15 00:00:00.000,USDC-WLD,0x18fc0d927d96690604dc9f32cf353ffc6404bf8e,1.897834987,2.337082531
2024-07-16 00:00:00.000,USDC-WETH,0x4c43646304492a925e335f2b6d840c1489f17815,3359.995542141,3489.681084121
2024-07-16 00:00:00.000,USDC-IPT,0xbd3b26a214734c12d3dc7fc3e22b91226a7c1517,0.03773959934,0.03773959934
2024-07-16 00:00:00.000,USDC-aOptWETH,0x89e18e3f41787fb3d17b7f59bf5d59a12c3335a4,2126.086417982,2126.086417982
2024-07-16 00:00:00.000,USDC-OP,0x2fbc7f425d5fe4dedcff77b45afaf7ac113e9662,1.73226069,1.837094434
2024-07-16 00:00:00.000,USDC-USDT,0x6728bfc6f086801c6fdaa8a3689ff498ed071704,1,1.004461222
2024-07-16 00:00:00.000,WETH-USDT,0x2f629782c58918252970ab038d3fbd16e84d5076,3142.532695327,3501.368941134
2024-07-16 00:00:00.000,OP-USDT,0xc36ab7527477744ab36f59af89898055d0eed4e3,1.759690722,1.759690722
2024-07-16 00:00:00.000,WETH-DAI,0xaba4c3652f212e8006e52fbd5547a12b86390003,2928.950234218,2928.950234218
2024-07-16 00:00:00.000,USDC-WLD,0x18fc0d927d96690604dc9f32cf353ffc6404bf8e,2.146016433,2.784838004
2024-07-17 00:00:00.000,WETH-USDT,0x2f629782c58918252970ab038d3fbd16e84d5076,2930.060260689,6868.471089888
2024-07-17 00:00:00.000,USDT-VELO,0xef456abff94babd69cb07c19467aee550e6fddc2,0.09439753062,0.1219043859
2024-07-17 00:00:00.000,USDC-WETH,0x4c43646304492a925e335f2b6d840c1489f17815,3343.650387591,3510.565832911
2024-07-17 00:00:00.000,USDC-WLD,0x18fc0d927d96690604dc9f32cf353ffc6404bf8e,2.79896664,3.14848631
2024-07-18 00:00:00.000,USDC-OP,0x2fbc7f425d5fe4dedcff77b45afaf7ac113e9662,1.82017,1.844014397
2024-07-18 00:00:00.000,WETH-USDT,0x2f629782c58918252970ab038d3fbd16e84d5076,3442.46,3455.4
2024-07-18 00:00:00.000,USDC-USDT,0x6728bfc6f086801c6fdaa8a3689ff498ed071704,0.9850831474,1.008654327
2024-07-18 00:00:00.000,USDC-WETH,0x4c43646304492a925e335f2b6d840c1489f17815,3378.183732023,3490.6
2024-07-18 00:00:00.000,USDT-VELO,0xef456abff94babd69cb07c19467aee550e6fddc2,0.1197498749,0.1197498749
2024-07-18 00:00:00.000,WETH-DAI,0xaba4c3652f212e8006e52fbd5547a12b86390003,3444.293235046,3444.293235046
2024-07-18 00:00:00.000,USDC-WLD,0x18fc0d927d96690604dc9f32cf353ffc6404bf8e,2.614350914,2.971497988
2024-07-18 00:00:00.000,USDC-IPT,0xbd3b26a214734c12d3dc7fc3e22b91226a7c1517,0.03687508573,0.03687508573
2024-07-19 00:00:00.000,USDT-VELO,0xef456abff94babd69cb07c19467aee550e6fddc2,0.1105998437,0.1105998437
2024-07-19 00:00:00.000,USDC-WLD,0x18fc0d927d96690604dc9f32cf353ffc6404bf8e,2.570455632,2.877237302
2024-07-19 00:00:00.000,WETH-USDT,0x2f629782c58918252970ab038d3fbd16e84d5076,3314.832035576,3596.571428571
2024-07-19 00:00:00.000,USDC-USDT,0x023fd380740d636dee320deaa19b75e377c688b7,1.022656642,1.022656642
2024-07-19 00:00:00.000,USDC-WETH,0x4c43646304492a925e335f2b6d840c1489f17815,3373.357265388,3535.8
2024-07-20 00:00:00.000,OP-USDT,0xc36ab7527477744ab36f59af89898055d0eed4e3,1.879999998,1.879999998
2024-07-20 00:00:00.000,USDT-VELO,0xef456abff94babd69cb07c19467aee550e6fddc2,0.1186883977,0.1192877395
2024-07-20 00:00:00.000,USDC-aOptWETH,0x89e18e3f41787fb3d17b7f59bf5d59a12c3335a4,129.406001055,129.406001055
2024-07-20 00:00:00.000,USDC-WLD,0x18fc0d927d96690604dc9f32cf353ffc6404bf8e,2.600172684,2.731577726
2024-07-20 00:00:00.000,USDC-USDT,0x6728bfc6f086801c6fdaa8a3689ff498ed071704,0.9834170854,0.9888241206
2024-07-20 00:00:00.000,USDC-OP,0x2fbc7f425d5fe4dedcff77b45afaf7ac113e9662,1.922586273,1.922586273
2024-07-20 00:00:00.000,WETH-USDT,0x2f629782c58918252970ab038d3fbd16e84d5076,3420.804020101,3628.391608392
2024-07-20 00:00:00.000,USDC-WETH,0x4c43646304492a925e335f2b6d840c1489f17815,3091.658047601,3533.842307687
2024-07-21 00:00:00.000,USDC-OP,0x2fbc7f425d5fe4dedcff77b45afaf7ac113e9662,1.88403,1.927623146
2024-07-21 00:00:00.000,USDC-WLD,0x18fc0d927d96690604dc9f32cf353ffc6404bf8e,2.490855004,2.615644811
2024-07-21 00:00:00.000,USDC-IPT,0xbd3b26a214734c12d3dc7fc3e22b91226a7c1517,0.03785599899,0.03785599899
2024-07-21 00:00:00.000,USDT-VELO,0xef456abff94babd69cb07c19467aee550e6fddc2,0.1064442171,0.1175859694
2024-07-21 00:00:00.000,WETH-USDT,0x2f629782c58918252970ab038d3fbd16e84d5076,3381.785714286,3616.965202614
2024-07-21 00:00:00.000,USDC-WETH,0x4c43646304492a925e335f2b6d840c1489f17815,3434.282915762,3545.6
2024-07-21 00:00:00.000,USDC-aOptWETH,0x89e18e3f41787fb3d17b7f59bf5d59a12c3335a4,749.082624977,749.082624977
2024-07-22 00:00:00.000,WETH-DAI,0xaba4c3652f212e8006e52fbd5547a12b86390003,3451.785859315,3451.785859315
2024-07-22 00:00:00.000,WETH-USDT,0x2f629782c58918252970ab038d3fbd16e84d5076,3360.396742813,3626.934673367
2024-07-22 00:00:00.000,USDC-USDT,0x6728bfc6f086801c6fdaa8a3689ff498ed071704,1.005907229,1.01290148
2024-07-22 00:00:00.000,USDC-IPT,0xbd3b26a214734c12d3dc7fc3e22b91226a7c1517,0.03684148524,0.03684148524
2024-07-22 00:00:00.000,USDC-WETH,0x4c43646304492a925e335f2b6d840c1489f17815,3460.805545399,3528.9
2024-07-22 00:00:00.000,USDC-WLD,0x18fc0d927d96690604dc9f32cf353ffc6404bf8e,2.296629231,2.5441475
2024-07-23 00:00:00.000,USDC-OP,0x2fbc7f425d5fe4dedcff77b45afaf7ac113e9662,1.887837636,1.887837636
2024-07-23 00:00:00.000,WETH-USDT,0x2f629782c58918252970ab038d3fbd16e84d5076,3490.78,3669.6
2024-07-23 00:00:00.000,WETH-DAI,0xaba4c3652f212e8006e52fbd5547a12b86390003,3858.615467195,4746.725485787
2024-07-23 00:00:00.000,USDC-USDT,0x023fd380740d636dee320deaa19b75e377c688b7,1.001805054,1.001805054
2024-07-23 00:00:00.000,USDC-WETH,0x4c43646304492a925e335f2b6d840c1489f17815,3424.884422111,3519.696153846
2024-07-23 00:00:00.000,USDC-WLD,0x18fc0d927d96690604dc9f32cf353ffc6404bf8e,2.191651349,2.299083412
2024-07-24 00:00:00.000,USDT-VELO,0xef456abff94babd69cb07c19467aee550e6fddc2,0.09601215579,0.09601215579
2024-07-24 00:00:00.000,USDC-WETH,0x4c43646304492a925e335f2b6d840c1489f17815,3354.511396646,3478.839292865
2024-07-24 00:00:00.000,USDC-WLD,0x18fc0d927d96690604dc9f32cf353ffc6404bf8e,2.213773144,2.297530583
2024-07-24 00:00:00.000,WETH-DAI,0xaba4c3652f212e8006e52fbd5547a12b86390003,3345.982585266,3405.317467354
2024-07-24 00:00:00.000,WETH-USDT,0x2f629782c58918252970ab038d3fbd16e84d5076,3383.2,3436.732047333
2024-07-24 00:00:00.000,USDC-IPT,0xbd3b26a214734c12d3dc7fc3e22b91226a7c1517,0.03581378061,0.03581378061
2024-07-25 00:00:00.000,USDC-WETH,0x4c43646304492a925e335f2b6d840c1489f17815,3031.014073593,3343.633263319
2024-07-25 00:00:00.000,WETH-DAI,0xaba4c3652f212e8006e52fbd5547a12b86390003,3236.059692588,3236.059692588
2024-07-25 00:00:00.000,WETH-USDT,0x2f629782c58918252970ab038d3fbd16e84d5076,3150,3525.162464982
2024-07-25 00:00:00.000,USDT-VELO,0xef456abff94babd69cb07c19467aee550e6fddc2,0.08631305329,0.08631305329
2024-07-25 00:00:00.000,USDC-WLD,0x18fc0d927d96690604dc9f32cf353ffc6404bf8e,2.032301749,2.187057325
2024-07-25 00:00:00.000,USDC-USDT,0x6728bfc6f086801c6fdaa8a3689ff498ed071704,0.9988669049,0.9988669049
2024-07-25 00:00:00.000,OP-USDT,0xc36ab7527477744ab36f59af89898055d0eed4e3,1.656582717,1.78374157
2024-07-25 00:00:00.000,USDC-OP,0x2fbc7f425d5fe4dedcff77b45afaf7ac113e9662,1.650968668,1.827088163
2024-07-25 00:00:00.000,USDC-IPT,0xbd3b26a214734c12d3dc7fc3e22b91226a7c1517,0.0349719425,0.0349719425
2024-07-26 00:00:00.000,USDC-WLD,0x18fc0d927d96690604dc9f32cf353ffc6404bf8e,2.296883469,2.432221039
2024-07-26 00:00:00.000,WETH-USDT,0x2f629782c58918252970ab038d3fbd16e84d5076,3221.005025126,3221.005025126
2024-07-26 00:00:00.000,USDC-WETH,0x4c43646304492a925e335f2b6d840c1489f17815,3235.129597043,3250.730242003
2024-07-26 00:00:00.000,USDC-USDT,0x6728bfc6f086801c6fdaa8a3689ff498ed071704,0.9937497149,1.003221293
2024-07-27 00:00:00.000,USDC-OP,0x2fbc7f425d5fe4dedcff77b45afaf7ac113e9662,1.740593651,1.740593651
2024-07-27 00:00:00.000,WETH-USDT,0x2f629782c58918252970ab038d3fbd16e84d5076,3272.580645161,3272.580645161
2024-07-27 00:00:00.000,USDC-IPT,0xbd3b26a214734c12d3dc7fc3e22b91226a7c1517,0.03551751162,0.03551751162
2024-07-27 00:00:00.000,USDC-WLD,0x18fc0d927d96690604dc9f32cf353ffc6404bf8e,2.329607869,2.427119599
2024-07-27 00:00:00.000,USDC-WETH,0x4c43646304492a925e335f2b6d840c1489f17815,3216.874364367,3304.550564747
2024-07-28 00:00:00.000,USDC-WLD,0x18fc0d927d96690604dc9f32cf353ffc6404bf8e,2.262589312,2.363238262
2024-07-28 00:00:00.000,WETH-USDT,0x2f629782c58918252970ab038d3fbd16e84d5076,3245.894204285,3245.894204285
2024-07-28 00:00:00.000,USDC-WETH,0x4c43646304492a925e335f2b6d840c1489f17815,3213.071931536,3258.222063421
2024-07-28 00:00:00.000,USDC-IPT,0xbd3b26a214734c12d3dc7fc3e22b91226a7c1517,0.03511889049,0.03528637562
2024-07-28 00:00:00.000,OP-USDT,0xc36ab7527477744ab36f59af89898055d0eed4e3,1.709098048,1.709098048
2024-07-28 00:00:00.000,USDC-OP,0x2fbc7f425d5fe4dedcff77b45afaf7ac113e9662,1.695299342,1.73340708
2024-07-28 00:00:00.000,USDC-USDT,0x6728bfc6f086801c6fdaa8a3689ff498ed071704,1.001418037,1.001418037
2024-07-29 00:00:00.000,USDC-USDT,0x6728bfc6f086801c6fdaa8a3689ff498ed071704,1,1
2024-07-29 00:00:00.000,OP-USDT,0xc36ab7527477744ab36f59af89898055d0eed4e3,1.701533307,1.701533307
2024-07-29 00:00:00.000,USDC-WLD,0x18fc0d927d96690604dc9f32cf353ffc6404bf8e,2.284186667,2.409687921
2024-07-29 00:00:00.000,USDC-WETH,0x4c43646304492a925e335f2b6d840c1489f17815,3054.321123108,3369.60605474
2024-07-29 00:00:00.000,WETH-DAI,0xaba4c3652f212e8006e52fbd5547a12b86390003,3304.854880808,3304.854880808
2024-07-29 00:00:00.000,USDC-OP,0x2fbc7f425d5fe4dedcff77b45afaf7ac113e9662,1.66881556,1.752610449
2024-07-29 00:00:00.000,WETH-USDT,0x2f629782c58918252970ab038d3fbd16e84d5076,3228.346456693,3367.231171017
2024-07-30 00:00:00.000,WETH-USDT,0x2f629782c58918252970ab038d3fbd16e84d5076,3273.493178464,3273.493178464
2024-07-30 00:00:00.000,USDC-OP,0x2fbc7f425d5fe4dedcff77b45afaf7ac113e9662,1.600791326,1.69084198
2024-07-30 00:00:00.000,USDC-WETH,0x4c43646304492a925e335f2b6d840c1489f17815,3256.972748808,3337.8
2024-07-30 00:00:00.000,USDC-IPT,0xbd3b26a214734c12d3dc7fc3e22b91226a7c1517,0.03531798129,0.03531798129
2024-07-30 00:00:00.000,WETH-DAI,0xaba4c3652f212e8006e52fbd5547a12b86390003,3289.511605508,3329.520678602
2024-07-30 00:00:00.000,USDT-VELO,0xef456abff94babd69cb07c19467aee550e6fddc2,0.08905071369,0.08905071369
2024-07-30 00:00:00.000,OP-USDT,0xc36ab7527477744ab36f59af89898055d0eed4e3,1.635714286,1.635714286
2024-07-30 00:00:00.000,USDC-WLD,0x18fc0d927d96690604dc9f32cf353ffc6404bf8e,2.162952689,2.285037146
2024-07-31 00:00:00.000,WETH-DAI,0xaba4c3652f212e8006e52fbd5547a12b86390003,3285.644241225,3285.644241225
2024-07-31 00:00:00.000,USDC-WLD,0x18fc0d927d96690604dc9f32cf353ffc6404bf8e,2.118883045,2.2042463
2024-07-31 00:00:00.000,WETH-USDT,0x2f629782c58918252970ab038d3fbd16e84d5076,3278.257917217,3316.582914573
2024-07-31 00:00:00.000,USDC-WETH,0x4c43646304492a925e335f2b6d840c1489f17815,3226.903677481,3314.881295316
2024-07-31 00:00:00.000,USDC-OP,0x2fbc7f425d5fe4dedcff77b45afaf7ac113e9662,1.569924374,1.646027707
2024-08-01 00:00:00.000,USDC-WLD,0x18fc0d927d96690604dc9f32cf353ffc6404bf8e,1.928844106,2.118943798
2024-08-01 00:00:00.000,USDT-VELO,0xef456abff94babd69cb07c19467aee550e6fddc2,0.08257051281,0.08626090004
2024-08-01 00:00:00.000,USDC-USDT,0x6728bfc6f086801c6fdaa8a3689ff498ed071704,0.9886921032,1.005317632
2024-08-01 00:00:00.000,WETH-USDT,0x2f629782c58918252970ab038d3fbd16e84d5076,3129.918512011,3210.789460527
2024-08-01 00:00:00.000,USDC-OP,0x2fbc7f425d5fe4dedcff77b45afaf7ac113e9662,1.482426041,1.594831452
2024-08-01 00:00:00.000,USDC-IPT,0xbd3b26a214734c12d3dc7fc3e22b91226a7c1517,0.03446320803,0.03503760861
2024-08-01 00:00:00.000,USDC-WETH,0x4c43646304492a925e335f2b6d840c1489f17815,3086.518499138,3226.787833814
2024-08-01 00:00:00.000,OP-USDT,0xc36ab7527477744ab36f59af89898055d0eed4e3,1.542268064,1.583901322
2024-08-01 00:00:00.000,WETH-DAI,0xaba4c3652f212e8006e52fbd5547a12b86390003,3132.595030272,3237.433848336
2024-08-02 00:00:00.000,OP-USDT,0xc36ab7527477744ab36f59af89898055d0eed4e3,1.507943197,1.507943197
2024-08-02 00:00:00.000,USDC-WETH,0x4c43646304492a925e335f2b6d840c1489f17815,2968.100844728,3181.451871201
2024-08-02 00:00:00.000,USDC-WLD,0x18fc0d927d96690604dc9f32cf353ffc6404bf8e,1.892255534,2.079229852
2024-08-02 00:00:00.000,WETH-DAI,0xaba4c3652f212e8006e52fbd5547a12b86390003,3093.573346322,3093.573346322
2024-08-02 00:00:00.000,USDC-USDT,0x6728bfc6f086801c6fdaa8a3689ff498ed071704,0.9970644644,0.9970644644
2024-08-02 00:00:00.000,USDC-IPT,0xbd3b26a214734c12d3dc7fc3e22b91226a7c1517,0.03283119914,0.03422683551
2024-08-02 00:00:00.000,USDT-VELO,0xef456abff94babd69cb07c19467aee550e6fddc2,0.07486947189,0.08087729593
2024-08-02 00:00:00.000,USDC-OP,0x2fbc7f425d5fe4dedcff77b45afaf7ac113e9662,1.452056545,1.567316424
2024-08-02 00:00:00.000,WETH-USDT,0x2f629782c58918252970ab038d3fbd16e84d5076,3088.2,3088.2
2024-08-03 00:00:00.000,WETH-USDT,0x2f629782c58918252970ab038d3fbd16e84d5076,2911.761339338,2986.414680204
2024-08-03 00:00:00.000,USDC-OP,0x2fbc7f425d5fe4dedcff77b45afaf7ac113e9662,1.387689012,1.498431506
2024-08-03 00:00:00.000,USDC-IPT,0xbd3b26a214734c12d3dc7fc3e22b91226a7c1517,0.03288851229,0.03288851229
2024-08-03 00:00:00.000,USDC-USDT,0x6728bfc6f086801c6fdaa8a3689ff498ed071704,0.9970069557,0.9970069557
2024-08-03 00:00:00.000,USDC-WLD,0x18fc0d927d96690604dc9f32cf353ffc6404bf8e,1.714624943,1.892817257
2024-08-03 00:00:00.000,WETH-DAI,0xaba4c3652f212e8006e52fbd5547a12b86390003,2941.433564532,3011.475203074
2024-08-03 00:00:00.000,OP-USDT,0xc36ab7527477744ab36f59af89898055d0eed4e3,1.411566007,1.464071407
2024-08-03 00:00:00.000,USDC-WETH,0x4c43646304492a925e335f2b6d840c1489f17815,2875.465349155,3002.16
2024-08-04 00:00:00.000,USDC-WLD,0x18fc0d927d96690604dc9f32cf353ffc6404bf8e,1.575675197,1.746725644
2024-08-04 00:00:00.000,USDC-IPT,0xbd3b26a214734c12d3dc7fc3e22b91226a7c1517,0.03242015268,0.03303491382
2024-08-04 00:00:00.000,WETH-DAI,0xaba4c3652f212e8006e52fbd5547a12b86390003,2814.362082001,2814.362082001
2024-08-04 00:00:00.000,WETH-USDT,0x2f629782c58918252970ab038d3fbd16e84d5076,2819.86493271,2911.522398647
2024-08-04 00:00:00.000,USDC-WETH,0x4c43646304492a925e335f2b6d840c1489f17815,2673.866412655,2908.610406059
2024-08-04 00:00:00.000,USDC-OP,0x2fbc7f425d5fe4dedcff77b45afaf7ac113e9662,1.317985082,1.434455253
2024-08-04 00:00:00.000,OP-USDT,0xc36ab7527477744ab36f59af89898055d0eed4e3,1.358126256,1.39416
2024-08-05 00:00:00.000,WETH-USDT,0x2f629782c58918252970ab038d3fbd16e84d5076,2319.59,2710.820205891
2024-08-05 00:00:00.000,USDC-OP,0x2fbc7f425d5fe4dedcff77b45afaf7ac113e9662,1.070214647,1.321474846
2024-08-05 00:00:00.000,USDC-WETH,0x4c43646304492a925e335f2b6d840c1489f17815,2258.594283574,2683.733376292
2024-08-05 00:00:00.000,USDC-IPT,0xbd3b26a214734c12d3dc7fc3e22b91226a7c1517,0.03085720499,0.03236657093
2024-08-05 00:00:00.000,OP-USDT,0xc36ab7527477744ab36f59af89898055d0eed4e3,1.221361741,1.221361741
2024-08-05 00:00:00.000,WETH-DAI,0xaba4c3652f212e8006e52fbd5547a12b86390003,2490.66578428,2690.534397999
2024-08-05 00:00:00.000,USDC-USDT,0x6728bfc6f086801c6fdaa8a3689ff498ed071704,0.9925145786,1.005633442
2024-08-05 00:00:00.000,USDC-WLD,0x18fc0d927d96690604dc9f32cf353ffc6404bf8e,1.423770543,1.637519579
2024-08-06 00:00:00.000,USDC-WLD,0x18fc0d927d96690604dc9f32cf353ffc6404bf8e,1.64746586,1.733267633
2024-08-06 00:00:00.000,USDC-IPT,0xbd3b26a214734c12d3dc7fc3e22b91226a7c1517,0.0299119507,0.0315566174
2024-08-06 00:00:00.000,WETH-DAI,0xaba4c3652f212e8006e52fbd5547a12b86390003,2474.582120462,2514.057522228
2024-08-06 00:00:00.000,USDC-USDT,0x6728bfc6f086801c6fdaa8a3689ff498ed071704,0.9921,0.9921
2024-08-06 00:00:00.000,OP-USDT,0xc36ab7527477744ab36f59af89898055d0eed4e3,1.283541835,1.289730198
2024-08-06 00:00:00.000,USDC-OP,0x2fbc7f425d5fe4dedcff77b45afaf7ac113e9662,1.236492053,1.312725167
2024-08-06 00:00:00.000,USDC-WETH,0x4c43646304492a925e335f2b6d840c1489f17815,2417.084301108,2528.518665904
2024-08-06 00:00:00.000,WETH-USDT,0x2f629782c58918252970ab038d3fbd16e84d5076,2473.849673844,2547.31441594
2024-08-07 00:00:00.000,USDT-VELO,0xef456abff94babd69cb07c19467aee550e6fddc2,0.06228554594,0.06583303702
2024-08-07 00:00:00.000,USDC-WETH,0x4c43646304492a925e335f2b6d840c1489f17815,2318.015817837,2516.37137778
2024-08-07 00:00:00.000,OP-USDT,0xc36ab7527477744ab36f59af89898055d0eed4e3,1.188440454,1.29875766
2024-08-07 00:00:00.000,WETH-USDT,0x2f629782c58918252970ab038d3fbd16e84d5076,2364.827779537,2513.8810712
2024-08-07 00:00:00.000,USDC-OP,0x2fbc7f425d5fe4dedcff77b45afaf7ac113e9662,1.191103373,1.306380995
2024-08-07 00:00:00.000,USDC-IPT,0xbd3b26a214734c12d3dc7fc3e22b91226a7c1517,0.02878810078,0.02947519597
2024-08-07 00:00:00.000,USDC-WLD,0x18fc0d927d96690604dc9f32cf353ffc6404bf8e,1.540129974,1.698601509
2024-08-07 00:00:00.000,WETH-DAI,0xaba4c3652f212e8006e52fbd5547a12b86390003,2362.345433723,2502.66764817
2024-08-08 00:00:00.000,USDC-aOptWETH,0x89e18e3f41787fb3d17b7f59bf5d59a12c3335a4,2922.798537075,2922.798537075
2024-08-08 00:00:00.000,OP-USDT,0xc36ab7527477744ab36f59af89898055d0eed4e3,1.190461522,1.342763772
2024-08-08 00:00:00.000,USDC-USDT,0x6728bfc6f086801c6fdaa8a3689ff498ed071704,1.001255146,1.001255146
2024-08-08 00:00:00.000,USDC-WLD,0x18fc0d927d96690604dc9f32cf353ffc6404bf8e,1.519740478,1.699170149
2024-08-08 00:00:00.000,USDT-VELO,0xef456abff94babd69cb07c19467aee550e6fddc2,0.06080429596,0.06080429596
2024-08-08 00:00:00.000,USDC-WETH,0x4c43646304492a925e335f2b6d840c1489f17815,2226.194437704,2700.424774531
2024-08-08 00:00:00.000,WETH-USDT,0x2f629782c58918252970ab038d3fbd16e84d5076,2436.654545455,2585.7880804
2024-08-08 00:00:00.000,USDC-OP,0x2fbc7f425d5fe4dedcff77b45afaf7ac113e9662,1.184222395,1.378036605
2024-08-08 00:00:00.000,WETH-DAI,0xaba4c3652f212e8006e52fbd5547a12b86390003,2428.492311725,2479.35485992
2024-08-09 00:00:00.000,USDT-VELO,0xef456abff94babd69cb07c19467aee550e6fddc2,0.06677338669,0.06749374687
2024-08-09 00:00:00.000,WETH-DAI,0xaba4c3652f212e8006e52fbd5547a12b86390003,2598.489136004,2678.621782735
2024-08-09 00:00:00.000,WETH-USDT,0x2f629782c58918252970ab038d3fbd16e84d5076,2579.672010845,2678.331372211
2024-08-09 00:00:00.000,USDC-USDT,0x023fd380740d636dee320deaa19b75e377c688b7,0.9975561188,0.9975561188
2024-08-09 00:00:00.000,USDC-aOptWETH,0x89e18e3f41787fb3d17b7f59bf5d59a12c3335a4,2500.987705568,2500.987705568
2024-08-09 00:00:00.000,USDC-IPT,0xbd3b26a214734c12d3dc7fc3e22b91226a7c1517,0.02977403343,0.03011348026
2024-08-09 00:00:00.000,OP-USDT,0xc36ab7527477744ab36f59af89898055d0eed4e3,1.367797887,1.422986406
2024-08-09 00:00:00.000,USDC-WETH,0x4c43646304492a925e335f2b6d840c1489f17815,2563.096400974,2685.315263924
2024-08-09 00:00:00.000,USDC-OP,0x2fbc7f425d5fe4dedcff77b45afaf7ac113e9662,1.363319942,1.425078273
2024-08-09 00:00:00.000,USDC-WLD,0x18fc0d927d96690604dc9f32cf353ffc6404bf8e,1.709622293,1.861765095
2024-08-10 00:00:00.000,USDC-OP,0x2fbc7f425d5fe4dedcff77b45afaf7ac113e9662,1.389144154,1.43925
2024-08-10 00:00:00.000,USDC-WLD,0x18fc0d927d96690604dc9f32cf353ffc6404bf8e,1.731252662,1.761534153
2024-08-10 00:00:00.000,USDC-WETH,0x4c43646304492a925e335f2b6d840c1489f17815,2386.40129639,2617.291649629
2024-08-10 00:00:00.000,USDC-aOptWETH,0x89e18e3f41787fb3d17b7f59bf5d59a12c3335a4,2292.802514485,2292.802514485
2024-08-10 00:00:00.000,WETH-DAI,0xaba4c3652f212e8006e52fbd5547a12b86390003,2597.767399993,3944.201649584
2024-08-10 00:00:00.000,USDC-USDT,0x6728bfc6f086801c6fdaa8a3689ff498ed071704,0.9910508821,1.005449591
2024-08-10 00:00:00.000,OP-USDT,0xc36ab7527477744ab36f59af89898055d0eed4e3,1.387325751,1.437157464
2024-08-11 00:00:00.000,USDT-VELO,0xef456abff94babd69cb07c19467aee550e6fddc2,0.06868166784,0.06868166784
2024-08-11 00:00:00.000,WETH-USDT,0x2f629782c58918252970ab038d3fbd16e84d5076,2574.157321568,2676.383988009
2024-08-11 00:00:00.000,USDC-WLD,0x18fc0d927d96690604dc9f32cf353ffc6404bf8e,1.607262879,1.812174076
2024-08-11 00:00:00.000,USDC-OP,0x2fbc7f425d5fe4dedcff77b45afaf7ac113e9662,1.306370236,1.465245686
2024-08-11 00:00:00.000,OP-USDT,0xc36ab7527477744ab36f59af89898055d0eed4e3,1.308962718,1.463359437
2024-08-11 00:00:00.000,USDC-IPT,0xbd3b26a214734c12d3dc7fc3e22b91226a7c1517,0.02994430463,0.03002753969
2024-08-11 00:00:00.000,USDC-USDT,0x6728bfc6f086801c6fdaa8a3689ff498ed071704,0.992641837,1.001193495
2024-08-11 00:00:00.000,WETH-DAI,0xaba4c3652f212e8006e52fbd5547a12b86390003,2599.142715522,2677.373414709
2024-08-11 00:00:00.000,USDC-WETH,0x4c43646304492a925e335f2b6d840c1489f17815,2551.17958201,2690.99840017
2024-08-12 00:00:00.000,USDC-IPT,0xbd3b26a214734c12d3dc7fc3e22b91226a7c1517,0.02981057355,0.02981057355
2024-08-12 00:00:00.000,WETH-DAI,0xaba4c3652f212e8006e52fbd5547a12b86390003,2552.654554395,2552.654554395
2024-08-12 00:00:00.000,USDC-WETH,0x4c43646304492a925e335f2b6d840c1489f17815,2503.806034016,2701.222854444
2024-08-12 00:00:00.000,USDC-OP,0x2fbc7f425d5fe4dedcff77b45afaf7ac113e9662,1.301639413,1.408626084
2024-08-12 00:00:00.000,OP-USDT,0xc36ab7527477744ab36f59af89898055d0eed4e3,1.300467432,1.406482478
2024-08-12 00:00:00.000,WETH-USDT,0x2f629782c58918252970ab038d3fbd16e84d5076,2543.677077296,2543.677077296
2024-08-12 00:00:00.000,USDC-WLD,0x18fc0d927d96690604dc9f32cf353ffc6404bf8e,1.603486573,1.736724142
2024-08-13 00:00:00.000,USDC-WLD,0x18fc0d927d96690604dc9f32cf353ffc6404bf8e,1.6474336,1.685817729
2024-08-13 00:00:00.000,WETH-USDT,0x2f629782c58918252970ab038d3fbd16e84d5076,2630.54519983,2980.07330244
2024-08-13 00:00:00.000,OP-USDT,0xc36ab7527477744ab36f59af89898055d0eed4e3,1.320318092,1.369128049
2024-08-13 00:00:00.000,WETH-DAI,0xaba4c3652f212e8006e52fbd5547a12b86390003,2656.908373823,2694.917608472
2024-08-13 00:00:00.000,USDC-WETH,0x4c43646304492a925e335f2b6d840c1489f17815,2622.415184981,2726.938584156
2024-08-13 00:00:00.000,USDC-OP,0x2fbc7f425d5fe4dedcff77b45afaf7ac113e9662,1.323498865,1.371458055
2024-08-13 00:00:00.000,USDC-IPT,0xbd3b26a214734c12d3dc7fc3e22b91226a7c1517,0.02710701693,0.02710701693
2024-08-14 00:00:00.000,OP-USDT,0xc36ab7527477744ab36f59af89898055d0eed4e3,1.320842725,1.387669977
2024-08-14 00:00:00.000,WETH-DAI,0xaba4c3652f212e8006e52fbd5547a12b86390003,2670.907198731,2704.898768966
2024-08-14 00:00:00.000,USDC-WLD,0x18fc0d927d96690604dc9f32cf353ffc6404bf8e,1.585552914,1.676799194
2024-08-14 00:00:00.000,WETH-USDT,0x2f629782c58918252970ab038d3fbd16e84d5076,2700.230946611,2700.230946611
2024-08-14 00:00:00.000,USDC-WETH,0x4c43646304492a925e335f2b6d840c1489f17815,2646.3403632,2747.989606127
2024-08-14 00:00:00.000,USDC-OP,0x2fbc7f425d5fe4dedcff77b45afaf7ac113e9662,1.319462288,1.37940626
2024-08-15 00:00:00.000,USDC-WETH,0x4c43646304492a925e335f2b6d840c1489f17815,2535.16176957,2850.460330421
2024-08-15 00:00:00.000,USDC-IPT,0xbd3b26a214734c12d3dc7fc3e22b91226a7c1517,0.02486625845,0.02513828172
2024-08-15 00:00:00.000,USDC-WLD,0x18fc0d927d96690604dc9f32cf353ffc6404bf8e,1.473590943,1.58261605
2024-08-15 00:00:00.000,OP-USDT,0xc36ab7527477744ab36f59af89898055d0eed4e3,1.23922745,1.322060555
2024-08-15 00:00:00.000,WETH-USDT,0x2f629782c58918252970ab038d3fbd16e84d5076,2617.875,2672.585919627
2024-08-15 00:00:00.000,WETH-DAI,0xaba4c3652f212e8006e52fbd5547a12b86390003,2601.536358005,2654.264531429
2024-08-15 00:00:00.000,USDC-USDT,0x6728bfc6f086801c6fdaa8a3689ff498ed071704,0.9950246943,0.9980276134
2024-08-15 00:00:00.000,USDC-OP,0x2fbc7f425d5fe4dedcff77b45afaf7ac113e9662,1.240448627,1.324688623
2024-08-15 00:00:00.000,USDC-aOptWETH,0x89e18e3f41787fb3d17b7f59bf5d59a12c3335a4,1901.149653852,1901.149653852
2024-08-16 00:00:00.000,USDC-OP,0x2fbc7f425d5fe4dedcff77b45afaf7ac113e9662,1.241561898,1.289417125
2024-08-16 00:00:00.000,USDC-WETH,0x4c43646304492a925e335f2b6d840c1489f17815,2561.392,2610.304471424
2024-08-16 00:00:00.000,WETH-USDT,0x2f629782c58918252970ab038d3fbd16e84d5076,2602.761904762,2628.61848498
2024-08-16 00:00:00.000,USDC-USDT,0x6728bfc6f086801c6fdaa8a3689ff498ed071704,0.9907621247,1.003198604
2024-08-16 00:00:00.000,USDC-WLD,0x18fc0d927d96690604dc9f32cf353ffc6404bf8e,1.438332389,1.516737361
2024-08-16 00:00:00.000,OP-USDT,0xc36ab7527477744ab36f59af89898055d0eed4e3,1.24903565,1.287051175
2024-08-17 00:00:00.000,USDC-USDT,0x6728bfc6f086801c6fdaa8a3689ff498ed071704,1.0030012,1.0030012
2024-08-17 00:00:00.000,USDC-WETH,0x4c43646304492a925e335f2b6d840c1489f17815,2589.563224536,2607.423293929
2024-08-17 00:00:00.000,USDC-WLD,0x18fc0d927d96690604dc9f32cf353ffc6404bf8e,1.474630564,1.490376267
2024-08-17 00:00:00.000,USDC-OP,0x2fbc7f425d5fe4dedcff77b45afaf7ac113e9662,1.268634317,1.332479789
2024-08-17 00:00:00.000,USDC-aOptWETH,0x89e18e3f41787fb3d17b7f59bf5d59a12c3335a4,1794.406953203,1794.406953203
2024-08-17 00:00:00.000,OP-USDT,0xc36ab7527477744ab36f59af89898055d0eed4e3,1.267086325,1.316717819
2024-08-18 00:00:00.000,USDC-OP,0x2fbc7f425d5fe4dedcff77b45afaf7ac113e9662,1.32596244,1.36111752
2024-08-18 00:00:00.000,USDC-WLD,0x18fc0d927d96690604dc9f32cf353ffc6404bf8e,1.492767123,1.557244035
2024-08-18 00:00:00.000,USDC-IPT,0xbd3b26a214734c12d3dc7fc3e22b91226a7c1517,0.02306965678,0.02481143973
2024-08-18 00:00:00.000,USDC-USDT,0x6728bfc6f086801c6fdaa8a3689ff498ed071704,0.9928571429,1.001432931
2024-08-18 00:00:00.000,USDC-WETH,0x4c43646304492a925e335f2b6d840c1489f17815,2500.657683272,2669.416993682
2024-08-18 00:00:00.000,OP-USDT,0xc36ab7527477744ab36f59af89898055d0eed4e3,1.323357892,1.361508374
2024-08-18 00:00:00.000,USDT-VELO,0xef456abff94babd69cb07c19467aee550e6fddc2,0.0654327781,0.0654327781
2024-08-19 00:00:00.000,USDC-WETH,0x4c43646304492a925e335f2b6d840c1489f17815,2573.574889654,2876.538386352
2024-08-19 00:00:00.000,USDC-WLD,0x18fc0d927d96690604dc9f32cf353ffc6404bf8e,1.435954852,1.526552661
2024-08-19 00:00:00.000,OP-USDT,0xc36ab7527477744ab36f59af89898055d0eed4e3,1.326074565,1.351317517
2024-08-19 00:00:00.000,USDC-IPT,0xbd3b26a214734c12d3dc7fc3e22b91226a7c1517,0.02288455794,0.02288455794
2024-08-19 00:00:00.000,USDC-OP,0x2fbc7f425d5fe4dedcff77b45afaf7ac113e9662,1.31241916,1.36610644
2024-08-19 00:00:00.000,WETH-USDT,0x2f629782c58918252970ab038d3fbd16e84d5076,2603.155890601,2637.350995977
2024-08-19 00:00:00.000,WETH-DAI,0xaba4c3652f212e8006e52fbd5547a12b86390003,2609.248206826,2647.664247901
2024-08-20 00:00:00.000,USDC-OP,0x2fbc7f425d5fe4dedcff77b45afaf7ac113e9662,1.351267333,1.386057143
2024-08-20 00:00:00.000,OP-USDT,0xc36ab7527477744ab36f59af89898055d0eed4e3,1.335019805,1.385339484
2024-08-20 00:00:00.000,WETH-DAI,0xaba4c3652f212e8006e52fbd5547a12b86390003,2601.061619946,2660.47292369
2024-08-20 00:00:00.000,WETH-USDT,0x2f629782c58918252970ab038d3fbd16e84d5076,2596.667974368,2655.39686816
2024-08-20 00:00:00.000,USDC-WLD,0x18fc0d927d96690604dc9f32cf353ffc6404bf8e,1.5281098,1.577771798
2024-08-20 00:00:00.000,USDC-WETH,0x4c43646304492a925e335f2b6d840c1489f17815,2574.053906133,2674.695379366
2024-08-21 00:00:00.000,USDC-WLD,0x18fc0d927d96690604dc9f32cf353ffc6404bf8e,1.487057841,1.522401431
2024-08-21 00:00:00.000,USDC-OP,0x2fbc7f425d5fe4dedcff77b45afaf7ac113e9662,1.35072238,1.448471999
2024-08-21 00:00:00.000,OP-USDT,0xc36ab7527477744ab36f59af89898055d0eed4e3,1.347171879,1.363314486
2024-08-21 00:00:00.000,USDC-USDT,0x6728bfc6f086801c6fdaa8a3689ff498ed071704,0.9166666667,0.9166666667
2024-08-21 00:00:00.000,USDC-WETH,0x4c43646304492a925e335f2b6d840c1489f17815,2347.069520322,2654.704361981
2024-08-22 00:00:00.000,OP-USDT,0xc36ab7527477744ab36f59af89898055d0eed4e3,1.432855877,1.444979077
2024-08-22 00:00:00.000,USDC-IPT,0xbd3b26a214734c12d3dc7fc3e22b91226a7c1517,0.02274881786,0.02274881786
2024-08-22 00:00:00.000,USDC-WLD,0x18fc0d927d96690604dc9f32cf353ffc6404bf8e,1.559537995,1.639002323
2024-08-22 00:00:00.000,USDC-OP,0x2fbc7f425d5fe4dedcff77b45afaf7ac113e9662,1.425221017,1.46566579
2024-08-22 00:00:00.000,USDC-WETH,0x4c43646304492a925e335f2b6d840c1489f17815,2590.928439502,2622.261411409
2024-08-23 00:00:00.000,USDC-WETH,0x4c43646304492a925e335f2b6d840c1489f17815,2660.259504163,2796.024013412
2024-08-23 00:00:00.000,USDC-WLD,0x18fc0d927d96690604dc9f32cf353ffc6404bf8e,1.700034872,1.750163796
2024-08-23 00:00:00.000,USDC-OP,0x2fbc7f425d5fe4dedcff77b45afaf7ac113e9662,1.506848,1.618979867
2024-08-23 00:00:00.000,OP-USDT,0xc36ab7527477744ab36f59af89898055d0eed4e3,1.510366924,1.547155105
2024-08-23 00:00:00.000,WETH-USDT,0x2f629782c58918252970ab038d3fbd16e84d5076,2654.542580086,2691.457286432
2024-08-24 00:00:00.000,OP-USDT,0xc36ab7527477744ab36f59af89898055d0eed4e3,1.58664,1.614471512
2024-08-24 00:00:00.000,USDC-WETH,0x4c43646304492a925e335f2b6d840c1489f17815,2735.759738875,2788.666800786
2024-08-24 00:00:00.000,USDC-OP,0x2fbc7f425d5fe4dedcff77b45afaf7ac113e9662,1.591107019,1.627488026
2024-08-24 00:00:00.000,USDC-USDT,0x6728bfc6f086801c6fdaa8a3689ff498ed071704,0.9948246889,1.001917226
2024-08-24 00:00:00.000,WETH-USDT,0x2f629782c58918252970ab038d3fbd16e84d5076,2764.215028881,2764.215028881
2024-08-24 00:00:00.000,USDT-VELO,0xef456abff94babd69cb07c19467aee550e6fddc2,0.09883948339,0.1031208264
2024-08-24 00:00:00.000,USDC-WLD,0x18fc0d927d96690604dc9f32cf353ffc6404bf8e,1.840864906,1.947544536
2024-08-24 00:00:00.000,USDC-IPT,0xbd3b26a214734c12d3dc7fc3e22b91226a7c1517,0.02340197999,0.02501567171
2024-08-25 00:00:00.000,OP-USDT,0xc36ab7527477744ab36f59af89898055d0eed4e3,1.531618612,1.584917158
2024-08-25 00:00:00.000,USDC-OP,0x2fbc7f425d5fe4dedcff77b45afaf7ac113e9662,1.532272,1.592394286
2024-08-25 00:00:00.000,USDC-WETH,0x4c43646304492a925e335f2b6d840c1489f17815,2718.438529128,2770.178545189
2024-08-25 00:00:00.000,USDC-USDT,0x6728bfc6f086801c6fdaa8a3689ff498ed071704,0.9965901279,0.9994986086
2024-08-25 00:00:00.000,USDC-WLD,0x18fc0d927d96690604dc9f32cf353ffc6404bf8e,1.804760497,1.89070301
2024-08-25 00:00:00.000,WETH-DAI,0xaba4c3652f212e8006e52fbd5547a12b86390003,2768.204993515,2768.204993515
2024-08-25 00:00:00.000,USDC-IPT,0xbd3b26a214734c12d3dc7fc3e22b91226a7c1517,0.02491385821,0.02733146098
2024-08-25 00:00:00.000,USDT-VELO,0xef456abff94babd69cb07c19467aee550e6fddc2,0.0929652573,0.09571848577
2024-08-26 00:00:00.000,WETH-DAI,0xaba4c3652f212e8006e52fbd5547a12b86390003,2668.608147167,2726.398023027
2024-08-26 00:00:00.000,WETH-USDT,0x2f629782c58918252970ab038d3fbd16e84d5076,2686.890908693,2751.561754731
2024-08-26 00:00:00.000,OP-USDT,0xc36ab7527477744ab36f59af89898055d0eed4e3,1.479029366,1.548709065
2024-08-26 00:00:00.000,USDC-WLD,0x18fc0d927d96690604dc9f32cf353ffc6404bf8e,1.658050233,1.855855324
2024-08-26 00:00:00.000,USDC-OP,0x2fbc7f425d5fe4dedcff77b45afaf7ac113e9662,1.484351554,1.548113005
2024-08-26 00:00:00.000,USDC-WETH,0x4c43646304492a925e335f2b6d840c1489f17815,2666.6,2744.199554286
2024-08-26 00:00:00.000,USDC-USDT,0x6728bfc6f086801c6fdaa8a3689ff498ed071704,0.9983993597,0.9983993597
2024-08-27 00:00:00.000,USDT-VELO,0xef456abff94babd69cb07c19467aee550e6fddc2,0.0889388413,0.0889388413
2024-08-27 00:00:00.000,WETH-USDT,0x2f629782c58918252970ab038d3fbd16e84d5076,2516.90471258,2666.690361064
2024-08-27 00:00:00.000,USDC-WLD,0x18fc0d927d96690604dc9f32cf353ffc6404bf8e,1.505955938,1.70847287
2024-08-27 00:00:00.000,USDC-WETH,0x4c43646304492a925e335f2b6d840c1489f17815,2428.542164974,2679.109877716
2024-08-27 00:00:00.000,OP-USDT,0xc36ab7527477744ab36f59af89898055d0eed4e3,1.362660773,1.495268395
2024-08-27 00:00:00.000,USDC-IPT,0xbd3b26a214734c12d3dc7fc3e22b91226a7c1517,0.02571945221,0.02586215822
2024-08-27 00:00:00.000,USDC-OP,0x2fbc7f425d5fe4dedcff77b45afaf7ac113e9662,1.381412018,1.50241
2024-08-27 00:00:00.000,WETH-DAI,0xaba4c3652f212e8006e52fbd5547a12b86390003,2547.042092538,2657.607099267
2024-08-28 00:00:00.000,USDT-VELO,0xef456abff94babd69cb07c19467aee550e6fddc2,0.08306753543,0.08306753543
2024-08-28 00:00:00.000,USDC-USDT,0x6728bfc6f086801c6fdaa8a3689ff498ed071704,0.9961476453,0.9961476453
2024-08-28 00:00:00.000,USDC-WLD,0x18fc0d927d96690604dc9f32cf353ffc6404bf8e,1.490755544,1.55032192
2024-08-28 00:00:00.000,USDC-OP,0x2fbc7f425d5fe4dedcff77b45afaf7ac113e9662,1.373899438,1.450566458
2024-08-28 00:00:00.000,OP-USDT,0xc36ab7527477744ab36f59af89898055d0eed4e3,1.373661903,1.423734619
2024-08-28 00:00:00.000,WETH-USDT,0x2f629782c58918252970ab038d3fbd16e84d5076,2503.51758794,2504.522613065
2024-08-28 00:00:00.000,USDT-PCMA,0x1a81f824a46af01cdb8eaac933603778ffccf527,0.5954120391,0.8604682865
2024-08-28 00:00:00.000,USDC-IPT,0xbd3b26a214734c12d3dc7fc3e22b91226a7c1517,0.02557007513,0.02557007513
2024-08-28 00:00:00.000,WETH-DAI,0xaba4c3652f212e8006e52fbd5547a12b86390003,2468.091448315,2468.091448315
2024-08-28 00:00:00.000,USDC-WETH,0x4c43646304492a925e335f2b6d840c1489f17815,2420.696389879,2605.457897283
2024-08-29 00:00:00.000,USDC-USDT,0x6728bfc6f086801c6fdaa8a3689ff498ed071704,0.9991359091,0.9991359091
2024-08-29 00:00:00.000,OP-USDT,0xc36ab7527477744ab36f59af89898055d0eed4e3,1.410113119,1.475140724
2024-08-29 00:00:00.000,USDC-WLD,0x18fc0d927d96690604dc9f32cf353ffc6404bf8e,1.489500171,1.549981375
2024-08-29 00:00:00.000,WETH-USDT,0x2f629782c58918252970ab038d3fbd16e84d5076,2502,3448.543364591
2024-08-29 00:00:00.000,USDC-OP,0x2fbc7f425d5fe4dedcff77b45afaf7ac113e9662,1.409866599,1.473985242
2024-08-29 00:00:00.000,USDC-WETH,0x4c43646304492a925e335f2b6d840c1489f17815,2489.469183029,2574.921079646
2024-08-30 00:00:00.000,USDC-OP,0x2fbc7f425d5fe4dedcff77b45afaf7ac113e9662,1.380189711,1.470208593
2024-08-30 00:00:00.000,USDT-VELO,0xef456abff94babd69cb07c19467aee550e6fddc2,0.08408382504,0.08724209266
2024-08-30 00:00:00.000,WETH-DAI,0xaba4c3652f212e8006e52fbd5547a12b86390003,2464.316098499,2532.111390079
2024-08-30 00:00:00.000,USDC-WLD,0x18fc0d927d96690604dc9f32cf353ffc6404bf8e,1.440368717,1.525393348
2024-08-30 00:00:00.000,WETH-USDT,0x2f629782c58918252970ab038d3fbd16e84d5076,2506.634692246,2523.155162921
2024-08-30 00:00:00.000,USDC-WETH,0x4c43646304492a925e335f2b6d840c1489f17815,2447.993178751,2536.980471693
2024-08-30 00:00:00.000,USDC-IPT,0xbd3b26a214734c12d3dc7fc3e22b91226a7c1517,0.02598172616,0.02622494453
2024-08-30 00:00:00.000,OP-USDT,0xc36ab7527477744ab36f59af89898055d0eed4e3,1.392511008,1.424613541
2024-08-31 00:00:00.000,USDT-VELO,0xef456abff94babd69cb07c19467aee550e6fddc2,0.08027219419,0.08273396182
2024-08-31 00:00:00.000,USDC-OP,0x2fbc7f425d5fe4dedcff77b45afaf7ac113e9662,1.419285229,1.462231807
2024-08-31 00:00:00.000,USDC-WETH,0x4c43646304492a925e335f2b6d840c1489f17815,2498.158476604,2520.526269879
2024-08-31 00:00:00.000,OP-USDT,0xc36ab7527477744ab36f59af89898055d0eed4e3,1.419806904,1.461670951
2024-08-31 00:00:00.000,USDC-WLD,0x18fc0d927d96690604dc9f32cf353ffc6404bf8e,1.477665053,1.516365613
2024-09-01 00:00:00.000,USDC-IPT,0xbd3b26a214734c12d3dc7fc3e22b91226a7c1517,0.02583674702,0.02602135537
2024-09-01 00:00:00.000,USDC-OP,0x2fbc7f425d5fe4dedcff77b45afaf7ac113e9662,1.357343616,1.415755486
2024-09-01 00:00:00.000,WETH-DAI,0xaba4c3652f212e8006e52fbd5547a12b86390003,2451.188925914,2504.908272407
2024-09-01 00:00:00.000,WETH-USDT,0x2f629782c58918252970ab038d3fbd16e84d5076,2481.644934804,2499.156826635
2024-09-01 00:00:00.000,USDC-WETH,0x4c43646304492a925e335f2b6d840c1489f17815,2408.757,2512.120915155
2024-09-01 00:00:00.000,USDT-VELO,0xef456abff94babd69cb07c19467aee550e6fddc2,0.07906688753,0.07906688753
2024-09-01 00:00:00.000,USDC-WLD,0x18fc0d927d96690604dc9f32cf353ffc6404bf8e,1.405594886,1.485809912
2024-09-01 00:00:00.000,USDT-PCMA,0x1a81f824a46af01cdb8eaac933603778ffccf527,0.5071510198,0.5071510198
2024-09-01 00:00:00.000,OP-USDT,0xc36ab7527477744ab36f59af89898055d0eed4e3,1.366190618,1.41699993
2024-09-02 00:00:00.000,USDC-WLD,0x18fc0d927d96690604dc9f32cf353ffc6404bf8e,1.400176959,1.451898628
2024-09-02 00:00:00.000,USDC-USDT,0x6728bfc6f086801c6fdaa8a3689ff498ed071704,0.9978540773,0.9978540773
2024-09-02 00:00:00.000,OP-USDT,0xc36ab7527477744ab36f59af89898055d0eed4e3,1.345178822,1.416546667
2024-09-02 00:00:00.000,USDC-WETH,0x4c43646304492a925e335f2b6d840c1489f17815,2434.022577589,2551.860891935
2024-09-02 00:00:00.000,USDC-OP,0x2fbc7f425d5fe4dedcff77b45afaf7ac113e9662,1.344103968,1.429562632
2024-09-02 00:00:00.000,WETH-USDT,0x2f629782c58918252970ab038d3fbd16e84d5076,2458.553716244,2458.553716244
2024-09-02 00:00:00.000,USDT-VELO,0xef456abff94babd69cb07c19467aee550e6fddc2,0.07677844669,0.07677844669
2024-09-03 00:00:00.000,USDT-PCMA,0x1a81f824a46af01cdb8eaac933603778ffccf527,0.5084884305,0.5084884305
2024-09-03 00:00:00.000,USDC-aOptWETH,0x89e18e3f41787fb3d17b7f59bf5d59a12c3335a4,2197.748710853,2197.748710853
2024-09-03 00:00:00.000,WETH-DAI,0xaba4c3652f212e8006e52fbd5547a12b86390003,2483.746121306,2483.746121306
2024-09-03 00:00:00.000,USDC-OP,0x2fbc7f425d5fe4dedcff77b45afaf7ac113e9662,1.350735653,1.418443679
2024-09-03 00:00:00.000,WETH-USDT,0x2f629782c58918252970ab038d3fbd16e84d5076,2462.461597542,2505.412952858
2024-09-03 00:00:00.000,USDC-WETH,0x4c43646304492a925e335f2b6d840c1489f17815,2426.536514488,2575.583143233
2024-09-03 00:00:00.000,USDT-VELO,0xef456abff94babd69cb07c19467aee550e6fddc2,0.07413625064,0.07413625064
2024-09-03 00:00:00.000,OP-USDT,0xc36ab7527477744ab36f59af89898055d0eed4e3,1.353248234,1.419575603
2024-09-03 00:00:00.000,USDC-IPT,0xbd3b26a214734c12d3dc7fc3e22b91226a7c1517,0.02504477149,0.02557119168
2024-09-03 00:00:00.000,USDC-WLD,0x18fc0d927d96690604dc9f32cf353ffc6404bf8e,1.410019051,1.485561413
2024-09-04 00:00:00.000,USDC-OP,0x2fbc7f425d5fe4dedcff77b45afaf7ac113e9662,1.286154995,1.344869773
2024-09-04 00:00:00.000,WETH-USDT,0x2f629782c58918252970ab038d3fbd16e84d5076,2384.593202307,2418.374463357
2024-09-04 00:00:00.000,OP-USDT,0xc36ab7527477744ab36f59af89898055d0eed4e3,1.296402657,1.346846171
2024-09-04 00:00:00.000,USDT-PCMA,0x1a81f824a46af01cdb8eaac933603778ffccf527,0.5020493289,0.5020493289
2024-09-04 00:00:00.000,USDC-WLD,0x18fc0d927d96690604dc9f32cf353ffc6404bf8e,1.335567999,1.402432154
2024-09-04 00:00:00.000,USDC-WETH,0x4c43646304492a925e335f2b6d840c1489f17815,2317.214753474,2463.250194554
2024-09-04 00:00:00.000,WETH-DAI,0xaba4c3652f212e8006e52fbd5547a12b86390003,2399.993356297,2399.993356297
